Postleitzahl,year,bundesland,group,treated,operator_type,anzahl_anlagen,netto_kw,brutto_kw,flaeche_km2,post2023,post2024,post_t1,post_t2,treat_x_t1,treat_x_t2,outcome,treat_x_2015,treat_x_2016,treat_x_2017,treat_x_2018,treat_x_2019,treat_x_2020,treat_x_2021,treat_x_2023,treat_x_2024,treat_x_2025
21029,2015,Hamburg,HH_grenze,1,privat,1.0,6.76,6.76,6.453903,0,0,0,0,0,0,1.0,1,0,0,0,0,0,0,0,0,0
21029,2016,Hamburg,HH_grenze,1,privat,2.0,35.86,36.7,6.453903,0,0,0,0,0,0,2.0,0,1,0,0,0,0,0,0,0,0
21029,2017,Hamburg,HH_grenze,1,privat,4.0,24.6,26.79,6.453903,0,0,0,0,0,0,4.0,0,0,1,0,0,0,0,0,0,0
21029,2018,Hamburg,HH_grenze,1,privat,0.0,0.0,0.0,6.453903,0,0,0,0,0,0,0.0,0,0,0,1,0,0,0,0,0,0
21029,2019,Hamburg,HH_grenze,1,privat,3.0,22.2,23.48,6.453903,0,0,0,0,0,0,3.0,0,0,0,0,1,0,0,0,0,0
21029,2020,Hamburg,HH_grenze,1,privat,4.0,76.39,93.44,6.453903,0,0,0,0,0,0,4.0,0,0,0,0,0,1,0,0,0,0
21029,2021,Hamburg,HH_grenze,1,privat,7.0,62.14,73.41999999999999,6.453903,0,0,0,0,0,0,7.0,0,0,0,0,0,0,1,0,0,0
21029,2022,Hamburg,HH_grenze,1,privat,11.0,87.13,96.41,6.453903,0,0,0,0,0,0,11.0,0,0,0,0,0,0,0,0,0,0
21029,2023,Hamburg,HH_grenze,1,privat,34.0,290.786,343.585,6.453903,1,0,1,0,1,0,34.0,0,0,0,0,0,0,0,1,0,0
21029,2024,Hamburg,HH_grenze,1,privat,43.0,327.066,357.255,6.453903,1,1,1,1,1,1,43.0,0,0,0,0,0,0,0,0,1,0
21029,2025,Hamburg,HH_grenze,1,privat,24.0,201.78,229.195,6.453903,1,1,1,1,1,1,24.0,0,0,0,0,0,0,0,0,0,1
21031,2015,Hamburg,HH_grenze,1,privat,2.0,16.18,16.18,5.545359,0,0,0,0,0,0,2.0,1,0,0,0,0,0,0,0,0,0
21031,2016,Hamburg,HH_grenze,1,privat,2.0,11.61,11.89,5.545359,0,0,0,0,0,0,2.0,0,1,0,0,0,0,0,0,0,0
21031,2017,Hamburg,HH_grenze,1,privat,1.0,5.5,5.7,5.545359,0,0,0,0,0,0,1.0,0,0,1,0,0,0,0,0,0,0
21031,2018,Hamburg,HH_grenze,1,privat,0.0,0.0,0.0,5.545359,0,0,0,0,0,0,0.0,0,0,0,1,0,0,0,0,0,0
21031,2019,Hamburg,HH_grenze,1,privat,3.0,35.32,39.9,5.545359,0,0,0,0,0,0,3.0,0,0,0,0,1,0,0,0,0,0
21031,2020,Hamburg,HH_grenze,1,privat,6.0,41.94,45.370000000000005,5.545359,0,0,0,0,0,0,6.0,0,0,0,0,0,1,0,0,0,0
21031,2021,Hamburg,HH_grenze,1,privat,6.0,58.59,64.86,5.545359,0,0,0,0,0,0,6.0,0,0,0,0,0,0,1,0,0,0
21031,2022,Hamburg,HH_grenze,1,privat,14.0,131.6,148.01,5.545359,0,0,0,0,0,0,14.0,0,0,0,0,0,0,0,0,0,0
21031,2023,Hamburg,HH_grenze,1,privat,33.0,253.2,291.08,5.545359,1,0,1,0,1,0,33.0,0,0,0,0,0,0,0,1,0,0
21031,2024,Hamburg,HH_grenze,1,privat,33.0,272.615,302.625,5.545359,1,1,1,1,1,1,33.0,0,0,0,0,0,0,0,0,1,0
21031,2025,Hamburg,HH_grenze,1,privat,28.0,204.23,231.31,5.545359,1,1,1,1,1,1,28.0,0,0,0,0,0,0,0,0,0,1
21037,2015,Hamburg,HH_grenze,1,privat,5.0,30.67,32.47,74.305658,0,0,0,0,0,0,5.0,1,0,0,0,0,0,0,0,0,0
21037,2016,Hamburg,HH_grenze,1,privat,11.0,64.125,71.745,74.305658,0,0,0,0,0,0,11.0,0,1,0,0,0,0,0,0,0,0
21037,2017,Hamburg,HH_grenze,1,privat,5.0,26.700000000000003,28.09,74.305658,0,0,0,0,0,0,5.0,0,0,1,0,0,0,0,0,0,0
21037,2018,Hamburg,HH_grenze,1,privat,6.0,33.36,35.879999999999995,74.305658,0,0,0,0,0,0,6.0,0,0,0,1,0,0,0,0,0,0
21037,2019,Hamburg,HH_grenze,1,privat,6.0,36.75,40.73,74.305658,0,0,0,0,0,0,6.0,0,0,0,0,1,0,0,0,0,0
21037,2020,Hamburg,HH_grenze,1,privat,28.0,245.59,271.79,74.305658,0,0,0,0,0,0,28.0,0,0,0,0,0,1,0,0,0,0
21037,2021,Hamburg,HH_grenze,1,privat,27.0,259.53499999999997,286.655,74.305658,0,0,0,0,0,0,27.0,0,0,0,0,0,0,1,0,0,0
21037,2022,Hamburg,HH_grenze,1,privat,68.0,600.205,655.6750000000001,74.305658,0,0,0,0,0,0,68.0,0,0,0,0,0,0,0,0,0,0
21037,2023,Hamburg,HH_grenze,1,privat,186.0,1770.361,1988.07,74.305658,1,0,1,0,1,0,186.0,0,0,0,0,0,0,0,1,0,0
21037,2024,Hamburg,HH_grenze,1,privat,159.0,1641.543,1844.878,74.305658,1,1,1,1,1,1,159.0,0,0,0,0,0,0,0,0,1,0
21037,2025,Hamburg,HH_grenze,1,privat,126.0,1334.995,1465.155,74.305658,1,1,1,1,1,1,126.0,0,0,0,0,0,0,0,0,0,1
21075,2015,Hamburg,HH_grenze,1,privat,1.0,2.01,2.01,8.300639,0,0,0,0,0,0,1.0,1,0,0,0,0,0,0,0,0,0
21075,2016,Hamburg,HH_grenze,1,privat,0.0,0.0,0.0,8.300639,0,0,0,0,0,0,0.0,0,1,0,0,0,0,0,0,0,0
21075,2017,Hamburg,HH_grenze,1,privat,1.0,2.0,2.0,8.300639,0,0,0,0,0,0,1.0,0,0,1,0,0,0,0,0,0,0
21075,2018,Hamburg,HH_grenze,1,privat,1.0,7.8,7.8,8.300639,0,0,0,0,0,0,1.0,0,0,0,1,0,0,0,0,0,0
21075,2019,Hamburg,HH_grenze,1,privat,3.0,14.43,16.165,8.300639,0,0,0,0,0,0,3.0,0,0,0,0,1,0,0,0,0,0
21075,2020,Hamburg,HH_grenze,1,privat,1.0,6.6,6.6,8.300639,0,0,0,0,0,0,1.0,0,0,0,0,0,1,0,0,0,0
21075,2021,Hamburg,HH_grenze,1,privat,6.0,39.11,41.9,8.300639,0,0,0,0,0,0,6.0,0,0,0,0,0,0,1,0,0,0
21075,2022,Hamburg,HH_grenze,1,privat,6.0,38.5,46.49,8.300639,0,0,0,0,0,0,6.0,0,0,0,0,0,0,0,0,0,0
21075,2023,Hamburg,HH_grenze,1,privat,36.0,289.902,331.95,8.300639,1,0,1,0,1,0,36.0,0,0,0,0,0,0,0,1,0,0
21075,2024,Hamburg,HH_grenze,1,privat,28.0,201.51,217.805,8.300639,1,1,1,1,1,1,28.0,0,0,0,0,0,0,0,0,1,0
21075,2025,Hamburg,HH_grenze,1,privat,30.0,275.78000000000003,319.7,8.300639,1,1,1,1,1,1,30.0,0,0,0,0,0,0,0,0,0,1
21077,2015,Hamburg,HH_grenze,1,privat,4.0,37.52,41.253,14.976563,0,0,0,0,0,0,4.0,1,0,0,0,0,0,0,0,0,0
21077,2016,Hamburg,HH_grenze,1,privat,5.0,20.994999999999997,21.435,14.976563,0,0,0,0,0,0,5.0,0,1,0,0,0,0,0,0,0,0
21077,2017,Hamburg,HH_grenze,1,privat,4.0,15.2,15.24,14.976563,0,0,0,0,0,0,4.0,0,0,1,0,0,0,0,0,0,0
21077,2018,Hamburg,HH_grenze,1,privat,2.0,8.5,9.88,14.976563,0,0,0,0,0,0,2.0,0,0,0,1,0,0,0,0,0,0
21077,2019,Hamburg,HH_grenze,1,privat,7.0,51.88,56.73,14.976563,0,0,0,0,0,0,7.0,0,0,0,0,1,0,0,0,0,0
21077,2020,Hamburg,HH_grenze,1,privat,13.0,87.045,93.26,14.976563,0,0,0,0,0,0,13.0,0,0,0,0,0,1,0,0,0,0
21077,2021,Hamburg,HH_grenze,1,privat,17.0,132.81799999999998,150.875,14.976563,0,0,0,0,0,0,17.0,0,0,0,0,0,0,1,0,0,0
21077,2022,Hamburg,HH_grenze,1,privat,21.0,154.945,172.775,14.976563,0,0,0,0,0,0,21.0,0,0,0,0,0,0,0,0,0,0
21077,2023,Hamburg,HH_grenze,1,privat,106.0,779.274,888.5930000000001,14.976563,1,0,1,0,1,0,106.0,0,0,0,0,0,0,0,1,0,0
21077,2024,Hamburg,HH_grenze,1,privat,101.0,840.19,936.065,14.976563,1,1,1,1,1,1,101.0,0,0,0,0,0,0,0,0,1,0
21077,2025,Hamburg,HH_grenze,1,privat,78.0,770.495,843.12,14.976563,1,1,1,1,1,1,78.0,0,0,0,0,0,0,0,0,0,1
21079,2015,Hamburg,HH_grenze,1,privat,1.0,2.8,3.35,32.119669,0,0,0,0,0,0,1.0,1,0,0,0,0,0,0,0,0,0
21079,2016,Hamburg,HH_grenze,1,privat,3.0,94.0,105.83,32.119669,0,0,0,0,0,0,3.0,0,1,0,0,0,0,0,0,0,0
21079,2017,Hamburg,HH_grenze,1,privat,2.0,13.1,14.935,32.119669,0,0,0,0,0,0,2.0,0,0,1,0,0,0,0,0,0,0
21079,2018,Hamburg,HH_grenze,1,privat,3.0,10.989999999999998,11.19,32.119669,0,0,0,0,0,0,3.0,0,0,0,1,0,0,0,0,0,0
21079,2019,Hamburg,HH_grenze,1,privat,6.0,29.94,30.875,32.119669,0,0,0,0,0,0,6.0,0,0,0,0,1,0,0,0,0,0
21079,2020,Hamburg,HH_grenze,1,privat,6.0,32.7,37.11,32.119669,0,0,0,0,0,0,6.0,0,0,0,0,0,1,0,0,0,0
21079,2021,Hamburg,HH_grenze,1,privat,14.0,89.33999999999999,102.57,32.119669,0,0,0,0,0,0,14.0,0,0,0,0,0,0,1,0,0,0
21079,2022,Hamburg,HH_grenze,1,privat,23.0,167.93,186.34,32.119669,0,0,0,0,0,0,23.0,0,0,0,0,0,0,0,0,0,0
21079,2023,Hamburg,HH_grenze,1,privat,49.0,474.085,513.215,32.119669,1,0,1,0,1,0,49.0,0,0,0,0,0,0,0,1,0,0
21079,2024,Hamburg,HH_grenze,1,privat,65.0,896.745,981.125,32.119669,1,1,1,1,1,1,65.0,0,0,0,0,0,0,0,0,1,0
21079,2025,Hamburg,HH_grenze,1,privat,59.0,815.217,916.56,32.119669,1,1,1,1,1,1,59.0,0,0,0,0,0,0,0,0,0,1
21109,2015,Hamburg,HH_grenze,1,privat,0.0,0.0,0.0,19.357166,0,0,0,0,0,0,0.0,1,0,0,0,0,0,0,0,0,0
21109,2016,Hamburg,HH_grenze,1,privat,2.0,6.21,8.129999999999999,19.357166,0,0,0,0,0,0,2.0,0,1,0,0,0,0,0,0,0,0
21109,2017,Hamburg,HH_grenze,1,privat,4.0,23.0,24.2,19.357166,0,0,0,0,0,0,4.0,0,0,1,0,0,0,0,0,0,0
21109,2018,Hamburg,HH_grenze,1,privat,2.0,9.01,9.3,19.357166,0,0,0,0,0,0,2.0,0,0,0,1,0,0,0,0,0,0
21109,2019,Hamburg,HH_grenze,1,privat,4.0,16.560000000000002,18.17,19.357166,0,0,0,0,0,0,4.0,0,0,0,0,1,0,0,0,0,0
21109,2020,Hamburg,HH_grenze,1,privat,2.0,14.1,14.84,19.357166,0,0,0,0,0,0,2.0,0,0,0,0,0,1,0,0,0,0
21109,2021,Hamburg,HH_grenze,1,privat,14.0,101.57,115.36,19.357166,0,0,0,0,0,0,14.0,0,0,0,0,0,0,1,0,0,0
21109,2022,Hamburg,HH_grenze,1,privat,22.0,175.335,191.14,19.357166,0,0,0,0,0,0,22.0,0,0,0,0,0,0,0,0,0,0
21109,2023,Hamburg,HH_grenze,1,privat,34.0,272.23,330.005,19.357166,1,0,1,0,1,0,34.0,0,0,0,0,0,0,0,1,0,0
21109,2024,Hamburg,HH_grenze,1,privat,45.0,348.74,401.83,19.357166,1,1,1,1,1,1,45.0,0,0,0,0,0,0,0,0,1,0
21109,2025,Hamburg,HH_grenze,1,privat,55.0,526.455,568.715,19.357166,1,1,1,1,1,1,55.0,0,0,0,0,0,0,0,0,0,1
21129,2015,Hamburg,HH_grenze,1,privat,7.0,35.38,38.195,61.915526,0,0,0,0,0,0,7.0,1,0,0,0,0,0,0,0,0,0
21129,2016,Hamburg,HH_grenze,1,privat,0.0,0.0,0.0,61.915526,0,0,0,0,0,0,0.0,0,1,0,0,0,0,0,0,0,0
21129,2017,Hamburg,HH_grenze,1,privat,0.0,0.0,0.0,61.915526,0,0,0,0,0,0,0.0,0,0,1,0,0,0,0,0,0,0
21129,2018,Hamburg,HH_grenze,1,privat,3.0,51.0,55.900000000000006,61.915526,0,0,0,0,0,0,3.0,0,0,0,1,0,0,0,0,0,0
21129,2019,Hamburg,HH_grenze,1,privat,4.0,19.24,22.03,61.915526,0,0,0,0,0,0,4.0,0,0,0,0,1,0,0,0,0,0
21129,2020,Hamburg,HH_grenze,1,privat,9.0,105.63,111.9,61.915526,0,0,0,0,0,0,9.0,0,0,0,0,0,1,0,0,0,0
21129,2021,Hamburg,HH_grenze,1,privat,12.0,173.065,189.735,61.915526,0,0,0,0,0,0,12.0,0,0,0,0,0,0,1,0,0,0
21129,2022,Hamburg,HH_grenze,1,privat,22.0,786.9,857.39,61.915526,0,0,0,0,0,0,22.0,0,0,0,0,0,0,0,0,0,0
21129,2023,Hamburg,HH_grenze,1,privat,63.0,726.027,836.415,61.915526,1,0,1,0,1,0,63.0,0,0,0,0,0,0,0,1,0,0
21129,2024,Hamburg,HH_grenze,1,privat,68.0,942.16,1055.18,61.915526,1,1,1,1,1,1,68.0,0,0,0,0,0,0,0,0,1,0
21129,2025,Hamburg,HH_grenze,1,privat,65.0,966.39,1160.197,61.915526,1,1,1,1,1,1,65.0,0,0,0,0,0,0,0,0,0,1
21147,2015,Hamburg,HH_grenze,1,privat,4.0,13.5,13.66,15.482834,0,0,0,0,0,0,4.0,1,0,0,0,0,0,0,0,0,0
21147,2016,Hamburg,HH_grenze,1,privat,10.0,60.585,64.73,15.482834,0,0,0,0,0,0,10.0,0,1,0,0,0,0,0,0,0,0
21147,2017,Hamburg,HH_grenze,1,privat,23.0,139.06,156.86,15.482834,0,0,0,0,0,0,23.0,0,0,1,0,0,0,0,0,0,0
21147,2018,Hamburg,HH_grenze,1,privat,12.0,74.94,93.615,15.482834,0,0,0,0,0,0,12.0,0,0,0,1,0,0,0,0,0,0
21147,2019,Hamburg,HH_grenze,1,privat,3.0,13.0,17.935,15.482834,0,0,0,0,0,0,3.0,0,0,0,0,1,0,0,0,0,0
21147,2020,Hamburg,HH_grenze,1,privat,14.0,67.91,76.985,15.482834,0,0,0,0,0,0,14.0,0,0,0,0,0,1,0,0,0,0
21147,2021,Hamburg,HH_grenze,1,privat,17.0,114.11,123.045,15.482834,0,0,0,0,0,0,17.0,0,0,0,0,0,0,1,0,0,0
21147,2022,Hamburg,HH_grenze,1,privat,17.0,134.75,144.855,15.482834,0,0,0,0,0,0,17.0,0,0,0,0,0,0,0,0,0,0
21147,2023,Hamburg,HH_grenze,1,privat,50.0,383.992,453.26,15.482834,1,0,1,0,1,0,50.0,0,0,0,0,0,0,0,1,0,0
21147,2024,Hamburg,HH_grenze,1,privat,78.0,588.387,671.591,15.482834,1,1,1,1,1,1,78.0,0,0,0,0,0,0,0,0,1,0
21147,2025,Hamburg,HH_grenze,1,privat,65.0,509.115,561.89,15.482834,1,1,1,1,1,1,65.0,0,0,0,0,0,0,0,0,0,1
21149,2015,Hamburg,HH_grenze,1,privat,2.0,10.27,11.27,18.231435,0,0,0,0,0,0,2.0,1,0,0,0,0,0,0,0,0,0
21149,2016,Hamburg,HH_grenze,1,privat,1.0,9.72,9.72,18.231435,0,0,0,0,0,0,1.0,0,1,0,0,0,0,0,0,0,0
21149,2017,Hamburg,HH_grenze,1,privat,18.0,83.99,88.43,18.231435,0,0,0,0,0,0,18.0,0,0,1,0,0,0,0,0,0,0
21149,2018,Hamburg,HH_grenze,1,privat,9.0,39.909000000000006,40.755,18.231435,0,0,0,0,0,0,9.0,0,0,0,1,0,0,0,0,0,0
21149,2019,Hamburg,HH_grenze,1,privat,12.0,62.63,67.59,18.231435,0,0,0,0,0,0,12.0,0,0,0,0,1,0,0,0,0,0
21149,2020,Hamburg,HH_grenze,1,privat,14.0,82.07,90.14,18.231435,0,0,0,0,0,0,14.0,0,0,0,0,0,1,0,0,0,0
21149,2021,Hamburg,HH_grenze,1,privat,26.0,239.93,249.695,18.231435,0,0,0,0,0,0,26.0,0,0,0,0,0,0,1,0,0,0
21149,2022,Hamburg,HH_grenze,1,privat,38.0,285.03000000000003,332.425,18.231435,0,0,0,0,0,0,38.0,0,0,0,0,0,0,0,0,0,0
21149,2023,Hamburg,HH_grenze,1,privat,101.0,882.502,1027.865,18.231435,1,0,1,0,1,0,101.0,0,0,0,0,0,0,0,1,0,0
21149,2024,Hamburg,HH_grenze,1,privat,98.0,853.3919999999999,953.995,18.231435,1,1,1,1,1,1,98.0,0,0,0,0,0,0,0,0,1,0
21149,2025,Hamburg,HH_grenze,1,privat,105.0,1171.215,1286.805,18.231435,1,1,1,1,1,1,105.0,0,0,0,0,0,0,0,0,0,1
21217,2015,Niedersachsen,NI_grenze,0,privat,2.0,4.98,5.029999999999999,34.204145,0,0,0,0,0,0,2.0,0,0,0,0,0,0,0,0,0,0
21217,2016,Niedersachsen,NI_grenze,0,privat,4.0,21.51,21.79,34.204145,0,0,0,0,0,0,4.0,0,0,0,0,0,0,0,0,0,0
21217,2017,Niedersachsen,NI_grenze,0,privat,8.0,43.61,53.33,34.204145,0,0,0,0,0,0,8.0,0,0,0,0,0,0,0,0,0,0
21217,2018,Niedersachsen,NI_grenze,0,privat,1.0,9.6,9.6,34.204145,0,0,0,0,0,0,1.0,0,0,0,0,0,0,0,0,0,0
21217,2019,Niedersachsen,NI_grenze,0,privat,3.0,17.6,24.89,34.204145,0,0,0,0,0,0,3.0,0,0,0,0,0,0,0,0,0,0
21217,2020,Niedersachsen,NI_grenze,0,privat,9.0,64.16,67.43,34.204145,0,0,0,0,0,0,9.0,0,0,0,0,0,0,0,0,0,0
21217,2021,Niedersachsen,NI_grenze,0,privat,21.0,153.95,175.35,34.204145,0,0,0,0,0,0,21.0,0,0,0,0,0,0,0,0,0,0
21217,2022,Niedersachsen,NI_grenze,0,privat,34.0,294.78,333.0,34.204145,0,0,0,0,0,0,34.0,0,0,0,0,0,0,0,0,0,0
21217,2023,Niedersachsen,NI_grenze,0,privat,128.0,1107.507,1286.23,34.204145,1,0,1,0,0,0,128.0,0,0,0,0,0,0,0,0,0,0
21217,2024,Niedersachsen,NI_grenze,0,privat,113.0,957.485,1081.245,34.204145,1,1,1,1,0,0,113.0,0,0,0,0,0,0,0,0,0,0
21217,2025,Niedersachsen,NI_grenze,0,privat,96.0,850.331,954.885,34.204145,1,1,1,1,0,0,96.0,0,0,0,0,0,0,0,0,0,0
21218,2015,Niedersachsen,NI_grenze,0,privat,1.0,4.5,5.1,29.568672,0,0,0,0,0,0,1.0,0,0,0,0,0,0,0,0,0,0
21218,2016,Niedersachsen,NI_grenze,0,privat,1.0,29.835,29.835,29.568672,0,0,0,0,0,0,1.0,0,0,0,0,0,0,0,0,0,0
21218,2017,Niedersachsen,NI_grenze,0,privat,3.0,14.34,18.355,29.568672,0,0,0,0,0,0,3.0,0,0,0,0,0,0,0,0,0,0
21218,2018,Niedersachsen,NI_grenze,0,privat,7.0,42.06,42.79,29.568672,0,0,0,0,0,0,7.0,0,0,0,0,0,0,0,0,0,0
21218,2019,Niedersachsen,NI_grenze,0,privat,5.0,42.18000000000001,43.0,29.568672,0,0,0,0,0,0,5.0,0,0,0,0,0,0,0,0,0,0
21218,2020,Niedersachsen,NI_grenze,0,privat,19.0,164.72,194.33,29.568672,0,0,0,0,0,0,19.0,0,0,0,0,0,0,0,0,0,0
21218,2021,Niedersachsen,NI_grenze,0,privat,16.0,145.95999999999998,183.385,29.568672,0,0,0,0,0,0,16.0,0,0,0,0,0,0,0,0,0,0
21218,2022,Niedersachsen,NI_grenze,0,privat,33.0,273.01099999999997,301.89,29.568672,0,0,0,0,0,0,33.0,0,0,0,0,0,0,0,0,0,0
21218,2023,Niedersachsen,NI_grenze,0,privat,89.0,780.73,872.755,29.568672,1,0,1,0,0,0,89.0,0,0,0,0,0,0,0,0,0,0
21218,2024,Niedersachsen,NI_grenze,0,privat,96.0,833.95,941.17,29.568672,1,1,1,1,0,0,96.0,0,0,0,0,0,0,0,0,0,0
21218,2025,Niedersachsen,NI_grenze,0,privat,55.0,634.535,698.75,29.568672,1,1,1,1,0,0,55.0,0,0,0,0,0,0,0,0,0,0
21224,2015,Niedersachsen,NI_grenze,0,privat,3.0,24.5,30.0,63.734589,0,0,0,0,0,0,3.0,0,0,0,0,0,0,0,0,0,0
21224,2016,Niedersachsen,NI_grenze,0,privat,6.0,35.29,36.73,63.734589,0,0,0,0,0,0,6.0,0,0,0,0,0,0,0,0,0,0
21224,2017,Niedersachsen,NI_grenze,0,privat,10.0,52.92,58.91,63.734589,0,0,0,0,0,0,10.0,0,0,0,0,0,0,0,0,0,0
21224,2018,Niedersachsen,NI_grenze,0,privat,7.0,35.66,37.4,63.734589,0,0,0,0,0,0,7.0,0,0,0,0,0,0,0,0,0,0
21224,2019,Niedersachsen,NI_grenze,0,privat,12.0,89.191,97.181,63.734589,0,0,0,0,0,0,12.0,0,0,0,0,0,0,0,0,0,0
21224,2020,Niedersachsen,NI_grenze,0,privat,28.0,242.105,271.925,63.734589,0,0,0,0,0,0,28.0,0,0,0,0,0,0,0,0,0,0
21224,2021,Niedersachsen,NI_grenze,0,privat,38.0,335.63,372.775,63.734589,0,0,0,0,0,0,38.0,0,0,0,0,0,0,0,0,0,0
21224,2022,Niedersachsen,NI_grenze,0,privat,44.0,347.865,387.945,63.734589,0,0,0,0,0,0,44.0,0,0,0,0,0,0,0,0,0,0
21224,2023,Niedersachsen,NI_grenze,0,privat,182.0,1587.105,1794.995,63.734589,1,0,1,0,0,0,182.0,0,0,0,0,0,0,0,0,0,0
21224,2024,Niedersachsen,NI_grenze,0,privat,144.0,1303.273,1470.745,63.734589,1,1,1,1,0,0,144.0,0,0,0,0,0,0,0,0,0,0
21224,2025,Niedersachsen,NI_grenze,0,privat,98.0,886.837,1018.505,63.734589,1,1,1,1,0,0,98.0,0,0,0,0,0,0,0,0,0,0
21423,2015,Niedersachsen,NI_grenze,0,privat,13.0,81.95,86.075,140.348967,0,0,0,0,0,0,13.0,0,0,0,0,0,0,0,0,0,0
21423,2016,Niedersachsen,NI_grenze,0,privat,23.0,182.07,185.38,140.348967,0,0,0,0,0,0,23.0,0,0,0,0,0,0,0,0,0,0
21423,2017,Niedersachsen,NI_grenze,0,privat,20.0,88.815,92.545,140.348967,0,0,0,0,0,0,20.0,0,0,0,0,0,0,0,0,0,0
21423,2018,Niedersachsen,NI_grenze,0,privat,11.0,69.425,73.305,140.348967,0,0,0,0,0,0,11.0,0,0,0,0,0,0,0,0,0,0
21423,2019,Niedersachsen,NI_grenze,0,privat,41.0,561.983,595.725,140.348967,0,0,0,0,0,0,41.0,0,0,0,0,0,0,0,0,0,0
21423,2020,Niedersachsen,NI_grenze,0,privat,67.0,519.595,559.175,140.348967,0,0,0,0,0,0,67.0,0,0,0,0,0,0,0,0,0,0
21423,2021,Niedersachsen,NI_grenze,0,privat,105.0,901.192,974.215,140.348967,0,0,0,0,0,0,105.0,0,0,0,0,0,0,0,0,0,0
21423,2022,Niedersachsen,NI_grenze,0,privat,85.0,673.085,759.49,140.348967,0,0,0,0,0,0,85.0,0,0,0,0,0,0,0,0,0,0
21423,2023,Niedersachsen,NI_grenze,0,privat,352.0,3017.777,3355.719,140.348967,1,0,1,0,0,0,352.0,0,0,0,0,0,0,0,0,0,0
21423,2024,Niedersachsen,NI_grenze,0,privat,431.0,4197.6,4716.955,140.348967,1,1,1,1,0,0,431.0,0,0,0,0,0,0,0,0,0,0
21423,2025,Niedersachsen,NI_grenze,0,privat,255.0,3003.536,3406.211,140.348967,1,1,1,1,0,0,255.0,0,0,0,0,0,0,0,0,0,0
21435,2015,Niedersachsen,NI_grenze,0,privat,7.0,41.955,45.73,38.661664,0,0,0,0,0,0,7.0,0,0,0,0,0,0,0,0,0,0
21435,2016,Niedersachsen,NI_grenze,0,privat,1.0,2.01,2.01,38.661664,0,0,0,0,0,0,1.0,0,0,0,0,0,0,0,0,0,0
21435,2017,Niedersachsen,NI_grenze,0,privat,4.0,37.2,42.09,38.661664,0,0,0,0,0,0,4.0,0,0,0,0,0,0,0,0,0,0
21435,2018,Niedersachsen,NI_grenze,0,privat,4.0,22.58,25.85,38.661664,0,0,0,0,0,0,4.0,0,0,0,0,0,0,0,0,0,0
21435,2019,Niedersachsen,NI_grenze,0,privat,6.0,31.92,34.835,38.661664,0,0,0,0,0,0,6.0,0,0,0,0,0,0,0,0,0,0
21435,2020,Niedersachsen,NI_grenze,0,privat,9.0,72.75999999999999,76.72,38.661664,0,0,0,0,0,0,9.0,0,0,0,0,0,0,0,0,0,0
21435,2021,Niedersachsen,NI_grenze,0,privat,29.0,230.68,240.01,38.661664,0,0,0,0,0,0,29.0,0,0,0,0,0,0,0,0,0,0
21435,2022,Niedersachsen,NI_grenze,0,privat,41.0,376.045,414.45,38.661664,0,0,0,0,0,0,41.0,0,0,0,0,0,0,0,0,0,0
21435,2023,Niedersachsen,NI_grenze,0,privat,133.0,1132.286,1286.69,38.661664,1,0,1,0,0,0,133.0,0,0,0,0,0,0,0,0,0,0
21435,2024,Niedersachsen,NI_grenze,0,privat,142.0,1326.625,1494.67,38.661664,1,1,1,1,0,0,142.0,0,0,0,0,0,0,0,0,0,0
21435,2025,Niedersachsen,NI_grenze,0,privat,99.0,1151.67,1289.865,38.661664,1,1,1,1,0,0,99.0,0,0,0,0,0,0,0,0,0,0
21465,2015,Schleswig-Holstein,SH_grenze,0,privat,8.0,34.69,41.3,38.139721,0,0,0,0,0,0,8.0,0,0,0,0,0,0,0,0,0,0
21465,2016,Schleswig-Holstein,SH_grenze,0,privat,15.0,55.69,59.025,38.139721,0,0,0,0,0,0,15.0,0,0,0,0,0,0,0,0,0,0
21465,2017,Schleswig-Holstein,SH_grenze,0,privat,14.0,66.24,70.57,38.139721,0,0,0,0,0,0,14.0,0,0,0,0,0,0,0,0,0,0
21465,2018,Schleswig-Holstein,SH_grenze,0,privat,18.0,300.74,343.135,38.139721,0,0,0,0,0,0,18.0,0,0,0,0,0,0,0,0,0,0
21465,2019,Schleswig-Holstein,SH_grenze,0,privat,25.0,171.895,183.925,38.139721,0,0,0,0,0,0,25.0,0,0,0,0,0,0,0,0,0,0
21465,2020,Schleswig-Holstein,SH_grenze,0,privat,46.0,337.45,381.595,38.139721,0,0,0,0,0,0,46.0,0,0,0,0,0,0,0,0,0,0
21465,2021,Schleswig-Holstein,SH_grenze,0,privat,67.0,511.605,571.96,38.139721,0,0,0,0,0,0,67.0,0,0,0,0,0,0,0,0,0,0
21465,2022,Schleswig-Holstein,SH_grenze,0,privat,74.0,778.675,869.9300000000001,38.139721,0,0,0,0,0,0,74.0,0,0,0,0,0,0,0,0,0,0
21465,2023,Schleswig-Holstein,SH_grenze,0,privat,275.0,2394.398,2672.281,38.139721,1,0,1,0,0,0,275.0,0,0,0,0,0,0,0,0,0,0
21465,2024,Schleswig-Holstein,SH_grenze,0,privat,214.0,1711.96,1948.076,38.139721,1,1,1,1,0,0,214.0,0,0,0,0,0,0,0,0,0,0
21465,2025,Schleswig-Holstein,SH_grenze,0,privat,167.0,1404.557,1595.05,38.139721,1,1,1,1,0,0,167.0,0,0,0,0,0,0,0,0,0,0
21502,2015,Schleswig-Holstein,SH_grenze,0,privat,5.0,28.31,31.72,51.054466,0,0,0,0,0,0,5.0,0,0,0,0,0,0,0,0,0,0
21502,2016,Schleswig-Holstein,SH_grenze,0,privat,2.0,7.0,7.96,51.054466,0,0,0,0,0,0,2.0,0,0,0,0,0,0,0,0,0,0
21502,2017,Schleswig-Holstein,SH_grenze,0,privat,9.0,46.545,49.065,51.054466,0,0,0,0,0,0,9.0,0,0,0,0,0,0,0,0,0,0
21502,2018,Schleswig-Holstein,SH_grenze,0,privat,8.0,49.885,80.495,51.054466,0,0,0,0,0,0,8.0,0,0,0,0,0,0,0,0,0,0
21502,2019,Schleswig-Holstein,SH_grenze,0,privat,9.0,61.15,69.85,51.054466,0,0,0,0,0,0,9.0,0,0,0,0,0,0,0,0,0,0
21502,2020,Schleswig-Holstein,SH_grenze,0,privat,18.0,133.12,148.34,51.054466,0,0,0,0,0,0,18.0,0,0,0,0,0,0,0,0,0,0
21502,2021,Schleswig-Holstein,SH_grenze,0,privat,33.0,268.39,317.21999999999997,51.054466,0,0,0,0,0,0,33.0,0,0,0,0,0,0,0,0,0,0
21502,2022,Schleswig-Holstein,SH_grenze,0,privat,57.0,525.9,595.76,51.054466,0,0,0,0,0,0,57.0,0,0,0,0,0,0,0,0,0,0
21502,2023,Schleswig-Holstein,SH_grenze,0,privat,194.0,1492.766,1683.5,51.054466,1,0,1,0,0,0,194.0,0,0,0,0,0,0,0,0,0,0
21502,2024,Schleswig-Holstein,SH_grenze,0,privat,192.0,1587.905,1830.451,51.054466,1,1,1,1,0,0,192.0,0,0,0,0,0,0,0,0,0,0
21502,2025,Schleswig-Holstein,SH_grenze,0,privat,146.0,1342.666,1596.575,51.054466,1,1,1,1,0,0,146.0,0,0,0,0,0,0,0,0,0,0
21629,2015,Niedersachsen,NI_grenze,0,privat,5.0,25.85,32.160000000000004,56.446106,0,0,0,0,0,0,5.0,0,0,0,0,0,0,0,0,0,0
21629,2016,Niedersachsen,NI_grenze,0,privat,4.0,25.4,28.4,56.446106,0,0,0,0,0,0,4.0,0,0,0,0,0,0,0,0,0,0
21629,2017,Niedersachsen,NI_grenze,0,privat,6.0,28.97,30.18,56.446106,0,0,0,0,0,0,6.0,0,0,0,0,0,0,0,0,0,0
21629,2018,Niedersachsen,NI_grenze,0,privat,15.0,92.21,101.83,56.446106,0,0,0,0,0,0,15.0,0,0,0,0,0,0,0,0,0,0
21629,2019,Niedersachsen,NI_grenze,0,privat,10.0,81.795,91.235,56.446106,0,0,0,0,0,0,10.0,0,0,0,0,0,0,0,0,0,0
21629,2020,Niedersachsen,NI_grenze,0,privat,27.0,197.545,218.4,56.446106,0,0,0,0,0,0,27.0,0,0,0,0,0,0,0,0,0,0
21629,2021,Niedersachsen,NI_grenze,0,privat,24.0,180.34,207.305,56.446106,0,0,0,0,0,0,24.0,0,0,0,0,0,0,0,0,0,0
21629,2022,Niedersachsen,NI_grenze,0,privat,47.0,388.0,422.84,56.446106,0,0,0,0,0,0,47.0,0,0,0,0,0,0,0,0,0,0
21629,2023,Niedersachsen,NI_grenze,0,privat,169.0,2365.615,2556.365,56.446106,1,0,1,0,0,0,169.0,0,0,0,0,0,0,0,0,0,0
21629,2024,Niedersachsen,NI_grenze,0,privat,177.0,1591.766,1790.99,56.446106,1,1,1,1,0,0,177.0,0,0,0,0,0,0,0,0,0,0
21629,2025,Niedersachsen,NI_grenze,0,privat,113.0,1033.805,1172.45,56.446106,1,1,1,1,0,0,113.0,0,0,0,0,0,0,0,0,0,0
21635,2015,Niedersachsen,NI_grenze,0,privat,3.0,41.055,41.055,62.35205,0,0,0,0,0,0,3.0,0,0,0,0,0,0,0,0,0,0
21635,2016,Niedersachsen,NI_grenze,0,privat,2.0,12.0,12.56,62.35205,0,0,0,0,0,0,2.0,0,0,0,0,0,0,0,0,0,0
21635,2017,Niedersachsen,NI_grenze,0,privat,9.0,187.86,191.875,62.35205,0,0,0,0,0,0,9.0,0,0,0,0,0,0,0,0,0,0
21635,2018,Niedersachsen,NI_grenze,0,privat,11.0,101.72,179.56,62.35205,0,0,0,0,0,0,11.0,0,0,0,0,0,0,0,0,0,0
21635,2019,Niedersachsen,NI_grenze,0,privat,11.0,154.05,173.72,62.35205,0,0,0,0,0,0,11.0,0,0,0,0,0,0,0,0,0,0
21635,2020,Niedersachsen,NI_grenze,0,privat,17.0,438.71,457.17,62.35205,0,0,0,0,0,0,17.0,0,0,0,0,0,0,0,0,0,0
21635,2021,Niedersachsen,NI_grenze,0,privat,32.0,648.04,680.525,62.35205,0,0,0,0,0,0,32.0,0,0,0,0,0,0,0,0,0,0
21635,2022,Niedersachsen,NI_grenze,0,privat,43.0,492.915,554.81,62.35205,0,0,0,0,0,0,43.0,0,0,0,0,0,0,0,0,0,0
21635,2023,Niedersachsen,NI_grenze,0,privat,134.0,1811.725,2098.595,62.35205,1,0,1,0,0,0,134.0,0,0,0,0,0,0,0,0,0,0
21635,2024,Niedersachsen,NI_grenze,0,privat,135.0,1332.719,1519.654,62.35205,1,1,1,1,0,0,135.0,0,0,0,0,0,0,0,0,0,0
21635,2025,Niedersachsen,NI_grenze,0,privat,86.0,1169.285,1311.21,62.35205,1,1,1,1,0,0,86.0,0,0,0,0,0,0,0,0,0,0
22043,2015,Hamburg,HH_grenze,1,privat,0.0,0.0,0.0,5.421969,0,0,0,0,0,0,0.0,1,0,0,0,0,0,0,0,0,0
22043,2016,Hamburg,HH_grenze,1,privat,2.0,4.6899999999999995,4.6899999999999995,5.421969,0,0,0,0,0,0,2.0,0,1,0,0,0,0,0,0,0,0
22043,2017,Hamburg,HH_grenze,1,privat,2.0,15.0,15.965,5.421969,0,0,0,0,0,0,2.0,0,0,1,0,0,0,0,0,0,0
22043,2018,Hamburg,HH_grenze,1,privat,1.0,6.96,6.96,5.421969,0,0,0,0,0,0,1.0,0,0,0,1,0,0,0,0,0,0
22043,2019,Hamburg,HH_grenze,1,privat,1.0,9.0,9.76,5.421969,0,0,0,0,0,0,1.0,0,0,0,0,1,0,0,0,0,0
22043,2020,Hamburg,HH_grenze,1,privat,9.0,60.79,65.89,5.421969,0,0,0,0,0,0,9.0,0,0,0,0,0,1,0,0,0,0
22043,2021,Hamburg,HH_grenze,1,privat,10.0,76.145,84.005,5.421969,0,0,0,0,0,0,10.0,0,0,0,0,0,0,1,0,0,0
22043,2022,Hamburg,HH_grenze,1,privat,18.0,112.71,121.83,5.421969,0,0,0,0,0,0,18.0,0,0,0,0,0,0,0,0,0,0
22043,2023,Hamburg,HH_grenze,1,privat,43.0,322.669,363.535,5.421969,1,0,1,0,1,0,43.0,0,0,0,0,0,0,0,1,0,0
22043,2024,Hamburg,HH_grenze,1,privat,38.0,359.75300000000004,407.19,5.421969,1,1,1,1,1,1,38.0,0,0,0,0,0,0,0,0,1,0
22043,2025,Hamburg,HH_grenze,1,privat,48.0,398.347,446.752,5.421969,1,1,1,1,1,1,48.0,0,0,0,0,0,0,0,0,0,1
22045,2015,Hamburg,HH_grenze,1,privat,1.0,8.0,8.4,5.321459,0,0,0,0,0,0,1.0,1,0,0,0,0,0,0,0,0,0
22045,2016,Hamburg,HH_grenze,1,privat,2.0,7.57,8.05,5.321459,0,0,0,0,0,0,2.0,0,1,0,0,0,0,0,0,0,0
22045,2017,Hamburg,HH_grenze,1,privat,2.0,73.22,73.22,5.321459,0,0,0,0,0,0,2.0,0,0,1,0,0,0,0,0,0,0
22045,2018,Hamburg,HH_grenze,1,privat,1.0,4.48,4.48,5.321459,0,0,0,0,0,0,1.0,0,0,0,1,0,0,0,0,0,0
22045,2019,Hamburg,HH_grenze,1,privat,2.0,9.51,9.99,5.321459,0,0,0,0,0,0,2.0,0,0,0,0,1,0,0,0,0,0
22045,2020,Hamburg,HH_grenze,1,privat,5.0,23.784999999999997,26.515,5.321459,0,0,0,0,0,0,5.0,0,0,0,0,0,1,0,0,0,0
22045,2021,Hamburg,HH_grenze,1,privat,2.0,12.6,15.83,5.321459,0,0,0,0,0,0,2.0,0,0,0,0,0,0,1,0,0,0
22045,2022,Hamburg,HH_grenze,1,privat,11.0,88.6,99.575,5.321459,0,0,0,0,0,0,11.0,0,0,0,0,0,0,0,0,0,0
22045,2023,Hamburg,HH_grenze,1,privat,20.0,194.664,216.32,5.321459,1,0,1,0,1,0,20.0,0,0,0,0,0,0,0,1,0,0
22045,2024,Hamburg,HH_grenze,1,privat,26.0,276.205,293.96,5.321459,1,1,1,1,1,1,26.0,0,0,0,0,0,0,0,0,1,0
22045,2025,Hamburg,HH_grenze,1,privat,26.0,211.255,235.575,5.321459,1,1,1,1,1,1,26.0,0,0,0,0,0,0,0,0,0,1
22115,2015,Hamburg,HH_grenze,1,privat,0.0,0.0,0.0,3.518433,0,0,0,0,0,0,0.0,1,0,0,0,0,0,0,0,0,0
22115,2016,Hamburg,HH_grenze,1,privat,0.0,0.0,0.0,3.518433,0,0,0,0,0,0,0.0,0,1,0,0,0,0,0,0,0,0
22115,2017,Hamburg,HH_grenze,1,privat,0.0,0.0,0.0,3.518433,0,0,0,0,0,0,0.0,0,0,1,0,0,0,0,0,0,0
22115,2018,Hamburg,HH_grenze,1,privat,0.0,0.0,0.0,3.518433,0,0,0,0,0,0,0.0,0,0,0,1,0,0,0,0,0,0
22115,2019,Hamburg,HH_grenze,1,privat,0.0,0.0,0.0,3.518433,0,0,0,0,0,0,0.0,0,0,0,0,1,0,0,0,0,0
22115,2020,Hamburg,HH_grenze,1,privat,3.0,29.4,31.79,3.518433,0,0,0,0,0,0,3.0,0,0,0,0,0,1,0,0,0,0
22115,2021,Hamburg,HH_grenze,1,privat,3.0,24.375,24.925,3.518433,0,0,0,0,0,0,3.0,0,0,0,0,0,0,1,0,0,0
22115,2022,Hamburg,HH_grenze,1,privat,3.0,19.03,21.73,3.518433,0,0,0,0,0,0,3.0,0,0,0,0,0,0,0,0,0,0
22115,2023,Hamburg,HH_grenze,1,privat,4.0,22.61,23.11,3.518433,1,0,1,0,1,0,4.0,0,0,0,0,0,0,0,1,0,0
22115,2024,Hamburg,HH_grenze,1,privat,1.0,5.32,6.02,3.518433,1,1,1,1,1,1,1.0,0,0,0,0,0,0,0,0,1,0
22115,2025,Hamburg,HH_grenze,1,privat,5.0,31.72,39.989999999999995,3.518433,1,1,1,1,1,1,5.0,0,0,0,0,0,0,0,0,0,1
22117,2015,Hamburg,HH_grenze,1,privat,0.0,0.0,0.0,7.915293,0,0,0,0,0,0,0.0,1,0,0,0,0,0,0,0,0,0
22117,2016,Hamburg,HH_grenze,1,privat,2.0,11.73,11.73,7.915293,0,0,0,0,0,0,2.0,0,1,0,0,0,0,0,0,0,0
22117,2017,Hamburg,HH_grenze,1,privat,1.0,4.48,4.48,7.915293,0,0,0,0,0,0,1.0,0,0,1,0,0,0,0,0,0,0
22117,2018,Hamburg,HH_grenze,1,privat,0.0,0.0,0.0,7.915293,0,0,0,0,0,0,0.0,0,0,0,1,0,0,0,0,0,0
22117,2019,Hamburg,HH_grenze,1,privat,2.0,5.92,7.37,7.915293,0,0,0,0,0,0,2.0,0,0,0,0,1,0,0,0,0,0
22117,2020,Hamburg,HH_grenze,1,privat,4.0,25.42,29.19,7.915293,0,0,0,0,0,0,4.0,0,0,0,0,0,1,0,0,0,0
22117,2021,Hamburg,HH_grenze,1,privat,5.0,34.69,36.71,7.915293,0,0,0,0,0,0,5.0,0,0,0,0,0,0,1,0,0,0
22117,2022,Hamburg,HH_grenze,1,privat,15.0,99.88,108.48,7.915293,0,0,0,0,0,0,15.0,0,0,0,0,0,0,0,0,0,0
22117,2023,Hamburg,HH_grenze,1,privat,32.0,249.44,272.49,7.915293,1,0,1,0,1,0,32.0,0,0,0,0,0,0,0,1,0,0
22117,2024,Hamburg,HH_grenze,1,privat,42.0,336.156,383.155,7.915293,1,1,1,1,1,1,42.0,0,0,0,0,0,0,0,0,1,0
22117,2025,Hamburg,HH_grenze,1,privat,46.0,374.145,414.335,7.915293,1,1,1,1,1,1,46.0,0,0,0,0,0,0,0,0,0,1
22143,2015,Hamburg,HH_grenze,1,privat,0.0,0.0,0.0,6.12382,0,0,0,0,0,0,0.0,1,0,0,0,0,0,0,0,0,0
22143,2016,Hamburg,HH_grenze,1,privat,0.0,0.0,0.0,6.12382,0,0,0,0,0,0,0.0,0,1,0,0,0,0,0,0,0,0
22143,2017,Hamburg,HH_grenze,1,privat,3.0,10.38,11.0,6.12382,0,0,0,0,0,0,3.0,0,0,1,0,0,0,0,0,0,0
22143,2018,Hamburg,HH_grenze,1,privat,6.0,33.022,35.59,6.12382,0,0,0,0,0,0,6.0,0,0,0,1,0,0,0,0,0,0
22143,2019,Hamburg,HH_grenze,1,privat,4.0,33.92,36.85,6.12382,0,0,0,0,0,0,4.0,0,0,0,0,1,0,0,0,0,0
22143,2020,Hamburg,HH_grenze,1,privat,6.0,48.935,52.504999999999995,6.12382,0,0,0,0,0,0,6.0,0,0,0,0,0,1,0,0,0,0
22143,2021,Hamburg,HH_grenze,1,privat,5.0,39.86000000000001,39.99,6.12382,0,0,0,0,0,0,5.0,0,0,0,0,0,0,1,0,0,0
22143,2022,Hamburg,HH_grenze,1,privat,7.0,67.94,71.62,6.12382,0,0,0,0,0,0,7.0,0,0,0,0,0,0,0,0,0,0
22143,2023,Hamburg,HH_grenze,1,privat,62.0,483.705,558.11,6.12382,1,0,1,0,1,0,62.0,0,0,0,0,0,0,0,1,0,0
22143,2024,Hamburg,HH_grenze,1,privat,48.0,397.091,454.66,6.12382,1,1,1,1,1,1,48.0,0,0,0,0,0,0,0,0,1,0
22143,2025,Hamburg,HH_grenze,1,privat,56.0,481.127,531.375,6.12382,1,1,1,1,1,1,56.0,0,0,0,0,0,0,0,0,0,1
22149,2015,Hamburg,HH_grenze,1,privat,2.0,2.66,3.8,6.400518,0,0,0,0,0,0,2.0,1,0,0,0,0,0,0,0,0,0
22149,2016,Hamburg,HH_grenze,1,privat,1.0,2.01,2.01,6.400518,0,0,0,0,0,0,1.0,0,1,0,0,0,0,0,0,0,0
22149,2017,Hamburg,HH_grenze,1,privat,5.0,32.375,33.985,6.400518,0,0,0,0,0,0,5.0,0,0,1,0,0,0,0,0,0,0
22149,2018,Hamburg,HH_grenze,1,privat,3.0,11.28,11.760000000000002,6.400518,0,0,0,0,0,0,3.0,0,0,0,1,0,0,0,0,0,0
22149,2019,Hamburg,HH_grenze,1,privat,4.0,27.449999999999996,33.71,6.400518,0,0,0,0,0,0,4.0,0,0,0,0,1,0,0,0,0,0
22149,2020,Hamburg,HH_grenze,1,privat,6.0,32.13,38.09,6.400518,0,0,0,0,0,0,6.0,0,0,0,0,0,1,0,0,0,0
22149,2021,Hamburg,HH_grenze,1,privat,6.0,48.3,55.56,6.400518,0,0,0,0,0,0,6.0,0,0,0,0,0,0,1,0,0,0
22149,2022,Hamburg,HH_grenze,1,privat,14.0,104.86,114.36,6.400518,0,0,0,0,0,0,14.0,0,0,0,0,0,0,0,0,0,0
22149,2023,Hamburg,HH_grenze,1,privat,52.0,392.74,441.42,6.400518,1,0,1,0,1,0,52.0,0,0,0,0,0,0,0,1,0,0
22149,2024,Hamburg,HH_grenze,1,privat,58.0,449.406,492.46,6.400518,1,1,1,1,1,1,58.0,0,0,0,0,0,0,0,0,1,0
22149,2025,Hamburg,HH_grenze,1,privat,41.0,302.91,336.275,6.400518,1,1,1,1,1,1,41.0,0,0,0,0,0,0,0,0,0,1
22359,2015,Hamburg,HH_grenze,1,privat,4.0,19.58,22.105,12.565129,0,0,0,0,0,0,4.0,1,0,0,0,0,0,0,0,0,0
22359,2016,Hamburg,HH_grenze,1,privat,4.0,22.045,22.82,12.565129,0,0,0,0,0,0,4.0,0,1,0,0,0,0,0,0,0,0
22359,2017,Hamburg,HH_grenze,1,privat,6.0,24.21,24.21,12.565129,0,0,0,0,0,0,6.0,0,0,1,0,0,0,0,0,0,0
22359,2018,Hamburg,HH_grenze,1,privat,8.0,36.35,38.66,12.565129,0,0,0,0,0,0,8.0,0,0,0,1,0,0,0,0,0,0
22359,2019,Hamburg,HH_grenze,1,privat,17.0,103.4,117.505,12.565129,0,0,0,0,0,0,17.0,0,0,0,0,1,0,0,0,0,0
22359,2020,Hamburg,HH_grenze,1,privat,16.0,108.455,116.92,12.565129,0,0,0,0,0,0,16.0,0,0,0,0,0,1,0,0,0,0
22359,2021,Hamburg,HH_grenze,1,privat,21.0,165.67000000000002,180.355,12.565129,0,0,0,0,0,0,21.0,0,0,0,0,0,0,1,0,0,0
22359,2022,Hamburg,HH_grenze,1,privat,46.0,318.591,376.755,12.565129,0,0,0,0,0,0,46.0,0,0,0,0,0,0,0,0,0,0
22359,2023,Hamburg,HH_grenze,1,privat,144.0,1142.858,1292.345,12.565129,1,0,1,0,1,0,144.0,0,0,0,0,0,0,0,1,0,0
22359,2024,Hamburg,HH_grenze,1,privat,128.0,1035.419,1157.685,12.565129,1,1,1,1,1,1,128.0,0,0,0,0,0,0,0,0,1,0
22359,2025,Hamburg,HH_grenze,1,privat,127.0,1005.615,1103.95,12.565129,1,1,1,1,1,1,127.0,0,0,0,0,0,0,0,0,0,1
22395,2015,Hamburg,HH_grenze,1,privat,3.0,12.21,12.21,8.237296,0,0,0,0,0,0,3.0,1,0,0,0,0,0,0,0,0,0
22395,2016,Hamburg,HH_grenze,1,privat,5.0,15.63,17.1,8.237296,0,0,0,0,0,0,5.0,0,1,0,0,0,0,0,0,0,0
22395,2017,Hamburg,HH_grenze,1,privat,5.0,17.82,18.17,8.237296,0,0,0,0,0,0,5.0,0,0,1,0,0,0,0,0,0,0
22395,2018,Hamburg,HH_grenze,1,privat,2.0,11.48,12.67,8.237296,0,0,0,0,0,0,2.0,0,0,0,1,0,0,0,0,0,0
22395,2019,Hamburg,HH_grenze,1,privat,8.0,43.17,49.724999999999994,8.237296,0,0,0,0,0,0,8.0,0,0,0,0,1,0,0,0,0,0
22395,2020,Hamburg,HH_grenze,1,privat,21.0,144.55,160.775,8.237296,0,0,0,0,0,0,21.0,0,0,0,0,0,1,0,0,0,0
22395,2021,Hamburg,HH_grenze,1,privat,27.0,209.415,235.34,8.237296,0,0,0,0,0,0,27.0,0,0,0,0,0,0,1,0,0,0
22395,2022,Hamburg,HH_grenze,1,privat,35.0,244.044,264.039,8.237296,0,0,0,0,0,0,35.0,0,0,0,0,0,0,0,0,0,0
22395,2023,Hamburg,HH_grenze,1,privat,150.0,1152.881,1329.335,8.237296,1,0,1,0,1,0,150.0,0,0,0,0,0,0,0,1,0,0
22395,2024,Hamburg,HH_grenze,1,privat,111.0,909.727,1023.675,8.237296,1,1,1,1,1,1,111.0,0,0,0,0,0,0,0,0,1,0
22395,2025,Hamburg,HH_grenze,1,privat,115.0,939.54,1037.836,8.237296,1,1,1,1,1,1,115.0,0,0,0,0,0,0,0,0,0,1
22397,2015,Hamburg,HH_grenze,1,privat,4.0,18.11,20.0,31.971414,0,0,0,0,0,0,4.0,1,0,0,0,0,0,0,0,0,0
22397,2016,Hamburg,HH_grenze,1,privat,10.0,41.635,42.845,31.971414,0,0,0,0,0,0,10.0,0,1,0,0,0,0,0,0,0,0
22397,2017,Hamburg,HH_grenze,1,privat,6.0,35.17,40.870000000000005,31.971414,0,0,0,0,0,0,6.0,0,0,1,0,0,0,0,0,0,0
22397,2018,Hamburg,HH_grenze,1,privat,12.0,69.66,78.78,31.971414,0,0,0,0,0,0,12.0,0,0,0,1,0,0,0,0,0,0
22397,2019,Hamburg,HH_grenze,1,privat,15.0,85.22999999999999,92.655,31.971414,0,0,0,0,0,0,15.0,0,0,0,0,1,0,0,0,0,0
22397,2020,Hamburg,HH_grenze,1,privat,46.0,260.575,281.085,31.971414,0,0,0,0,0,0,46.0,0,0,0,0,0,1,0,0,0,0
22397,2021,Hamburg,HH_grenze,1,privat,51.0,329.99,378.85,31.971414,0,0,0,0,0,0,51.0,0,0,0,0,0,0,1,0,0,0
22397,2022,Hamburg,HH_grenze,1,privat,60.0,604.634,687.25,31.971414,0,0,0,0,0,0,60.0,0,0,0,0,0,0,0,0,0,0
22397,2023,Hamburg,HH_grenze,1,privat,226.0,1857.098,2099.725,31.971414,1,0,1,0,1,0,226.0,0,0,0,0,0,0,0,1,0,0
22397,2024,Hamburg,HH_grenze,1,privat,166.0,1330.687,1469.365,31.971414,1,1,1,1,1,1,166.0,0,0,0,0,0,0,0,0,1,0
22397,2025,Hamburg,HH_grenze,1,privat,122.0,1080.13,1217.535,31.971414,1,1,1,1,1,1,122.0,0,0,0,0,0,0,0,0,0,1
22399,2015,Hamburg,HH_grenze,1,privat,1.0,9.0,9.0,6.549773,0,0,0,0,0,0,1.0,1,0,0,0,0,0,0,0,0,0
22399,2016,Hamburg,HH_grenze,1,privat,3.0,10.57,10.84,6.549773,0,0,0,0,0,0,3.0,0,1,0,0,0,0,0,0,0,0
22399,2017,Hamburg,HH_grenze,1,privat,4.0,26.2,27.41,6.549773,0,0,0,0,0,0,4.0,0,0,1,0,0,0,0,0,0,0
22399,2018,Hamburg,HH_grenze,1,privat,8.0,32.17,35.17,6.549773,0,0,0,0,0,0,8.0,0,0,0,1,0,0,0,0,0,0
22399,2019,Hamburg,HH_grenze,1,privat,10.0,48.78,52.72,6.549773,0,0,0,0,0,0,10.0,0,0,0,0,1,0,0,0,0,0
22399,2020,Hamburg,HH_grenze,1,privat,6.0,45.18,46.95,6.549773,0,0,0,0,0,0,6.0,0,0,0,0,0,1,0,0,0,0
22399,2021,Hamburg,HH_grenze,1,privat,33.0,221.31,243.465,6.549773,0,0,0,0,0,0,33.0,0,0,0,0,0,0,1,0,0,0
22399,2022,Hamburg,HH_grenze,1,privat,42.0,316.96500000000003,350.09499999999997,6.549773,0,0,0,0,0,0,42.0,0,0,0,0,0,0,0,0,0,0
22399,2023,Hamburg,HH_grenze,1,privat,128.0,1023.501,1126.61,6.549773,1,0,1,0,1,0,128.0,0,0,0,0,0,0,0,1,0,0
22399,2024,Hamburg,HH_grenze,1,privat,89.0,697.8629999999999,785.175,6.549773,1,1,1,1,1,1,89.0,0,0,0,0,0,0,0,0,1,0
22399,2025,Hamburg,HH_grenze,1,privat,122.0,954.562,1023.415,6.549773,1,1,1,1,1,1,122.0,0,0,0,0,0,0,0,0,0,1
22415,2015,Hamburg,HH_grenze,1,privat,1.0,4.0,4.0,4.389974,0,0,0,0,0,0,1.0,1,0,0,0,0,0,0,0,0,0
22415,2016,Hamburg,HH_grenze,1,privat,2.0,5.6,8.45,4.389974,0,0,0,0,0,0,2.0,0,1,0,0,0,0,0,0,0,0
22415,2017,Hamburg,HH_grenze,1,privat,3.0,13.1,13.27,4.389974,0,0,0,0,0,0,3.0,0,0,1,0,0,0,0,0,0,0
22415,2018,Hamburg,HH_grenze,1,privat,5.0,30.65,34.315,4.389974,0,0,0,0,0,0,5.0,0,0,0,1,0,0,0,0,0,0
22415,2019,Hamburg,HH_grenze,1,privat,0.0,0.0,0.0,4.389974,0,0,0,0,0,0,0.0,0,0,0,0,1,0,0,0,0,0
22415,2020,Hamburg,HH_grenze,1,privat,3.0,15.1,16.04,4.389974,0,0,0,0,0,0,3.0,0,0,0,0,0,1,0,0,0,0
22415,2021,Hamburg,HH_grenze,1,privat,7.0,48.27,58.585,4.389974,0,0,0,0,0,0,7.0,0,0,0,0,0,0,1,0,0,0
22415,2022,Hamburg,HH_grenze,1,privat,11.0,75.57,80.035,4.389974,0,0,0,0,0,0,11.0,0,0,0,0,0,0,0,0,0,0
22415,2023,Hamburg,HH_grenze,1,privat,31.0,218.095,250.325,4.389974,1,0,1,0,1,0,31.0,0,0,0,0,0,0,0,1,0,0
22415,2024,Hamburg,HH_grenze,1,privat,33.0,236.796,272.65999999999997,4.389974,1,1,1,1,1,1,33.0,0,0,0,0,0,0,0,0,1,0
22415,2025,Hamburg,HH_grenze,1,privat,36.0,269.505,292.025,4.389974,1,1,1,1,1,1,36.0,0,0,0,0,0,0,0,0,0,1
22417,2015,Hamburg,HH_grenze,1,privat,2.0,12.81,12.81,7.993768,0,0,0,0,0,0,2.0,1,0,0,0,0,0,0,0,0,0
22417,2016,Hamburg,HH_grenze,1,privat,1.0,5.0,5.4,7.993768,0,0,0,0,0,0,1.0,0,1,0,0,0,0,0,0,0,0
22417,2017,Hamburg,HH_grenze,1,privat,1.0,4.6,5.225,7.993768,0,0,0,0,0,0,1.0,0,0,1,0,0,0,0,0,0,0
22417,2018,Hamburg,HH_grenze,1,privat,0.0,0.0,0.0,7.993768,0,0,0,0,0,0,0.0,0,0,0,1,0,0,0,0,0,0
22417,2019,Hamburg,HH_grenze,1,privat,2.0,9.6,13.05,7.993768,0,0,0,0,0,0,2.0,0,0,0,0,1,0,0,0,0,0
22417,2020,Hamburg,HH_grenze,1,privat,8.0,42.875,54.735,7.993768,0,0,0,0,0,0,8.0,0,0,0,0,0,1,0,0,0,0
22417,2021,Hamburg,HH_grenze,1,privat,14.0,106.175,120.5,7.993768,0,0,0,0,0,0,14.0,0,0,0,0,0,0,1,0,0,0
22417,2022,Hamburg,HH_grenze,1,privat,16.0,140.92,151.5,7.993768,0,0,0,0,0,0,16.0,0,0,0,0,0,0,0,0,0,0
22417,2023,Hamburg,HH_grenze,1,privat,43.0,294.432,340.71500000000003,7.993768,1,0,1,0,1,0,43.0,0,0,0,0,0,0,0,1,0,0
22417,2024,Hamburg,HH_grenze,1,privat,58.0,454.219,500.19,7.993768,1,1,1,1,1,1,58.0,0,0,0,0,0,0,0,0,1,0
22417,2025,Hamburg,HH_grenze,1,privat,48.0,404.114,433.25,7.993768,1,1,1,1,1,1,48.0,0,0,0,0,0,0,0,0,0,1
22419,2015,Hamburg,HH_grenze,1,privat,1.0,3.0,3.57,4.808175,0,0,0,0,0,0,1.0,1,0,0,0,0,0,0,0,0,0
22419,2016,Hamburg,HH_grenze,1,privat,3.0,9.63,10.67,4.808175,0,0,0,0,0,0,3.0,0,1,0,0,0,0,0,0,0,0
22419,2017,Hamburg,HH_grenze,1,privat,2.0,9.5,9.62,4.808175,0,0,0,0,0,0,2.0,0,0,1,0,0,0,0,0,0,0
22419,2018,Hamburg,HH_grenze,1,privat,1.0,6.5,6.5,4.808175,0,0,0,0,0,0,1.0,0,0,0,1,0,0,0,0,0,0
22419,2019,Hamburg,HH_grenze,1,privat,2.0,9.9,10.94,4.808175,0,0,0,0,0,0,2.0,0,0,0,0,1,0,0,0,0,0
22419,2020,Hamburg,HH_grenze,1,privat,4.0,38.365,39.64,4.808175,0,0,0,0,0,0,4.0,0,0,0,0,0,1,0,0,0,0
22419,2021,Hamburg,HH_grenze,1,privat,7.0,42.59,46.055,4.808175,0,0,0,0,0,0,7.0,0,0,0,0,0,0,1,0,0,0
22419,2022,Hamburg,HH_grenze,1,privat,5.0,36.04,37.85,4.808175,0,0,0,0,0,0,5.0,0,0,0,0,0,0,0,0,0,0
22419,2023,Hamburg,HH_grenze,1,privat,34.0,247.534,269.90500000000003,4.808175,1,0,1,0,1,0,34.0,0,0,0,0,0,0,0,1,0,0
22419,2024,Hamburg,HH_grenze,1,privat,34.0,276.645,306.46,4.808175,1,1,1,1,1,1,34.0,0,0,0,0,0,0,0,0,1,0
22419,2025,Hamburg,HH_grenze,1,privat,34.0,307.56,345.07,4.808175,1,1,1,1,1,1,34.0,0,0,0,0,0,0,0,0,0,1
22455,2015,Hamburg,HH_grenze,1,privat,0.0,0.0,0.0,5.005616,0,0,0,0,0,0,0.0,1,0,0,0,0,0,0,0,0,0
22455,2016,Hamburg,HH_grenze,1,privat,1.0,2.01,2.01,5.005616,0,0,0,0,0,0,1.0,0,1,0,0,0,0,0,0,0,0
22455,2017,Hamburg,HH_grenze,1,privat,0.0,0.0,0.0,5.005616,0,0,0,0,0,0,0.0,0,0,1,0,0,0,0,0,0,0
22455,2018,Hamburg,HH_grenze,1,privat,2.0,11.31,11.31,5.005616,0,0,0,0,0,0,2.0,0,0,0,1,0,0,0,0,0,0
22455,2019,Hamburg,HH_grenze,1,privat,6.0,41.44,43.879999999999995,5.005616,0,0,0,0,0,0,6.0,0,0,0,0,1,0,0,0,0,0
22455,2020,Hamburg,HH_grenze,1,privat,14.0,112.14,126.9,5.005616,0,0,0,0,0,0,14.0,0,0,0,0,0,1,0,0,0,0
22455,2021,Hamburg,HH_grenze,1,privat,17.0,108.935,123.54,5.005616,0,0,0,0,0,0,17.0,0,0,0,0,0,0,1,0,0,0
22455,2022,Hamburg,HH_grenze,1,privat,25.0,148.095,170.25,5.005616,0,0,0,0,0,0,25.0,0,0,0,0,0,0,0,0,0,0
22455,2023,Hamburg,HH_grenze,1,privat,70.0,527.998,613.781,5.005616,1,0,1,0,1,0,70.0,0,0,0,0,0,0,0,1,0,0
22455,2024,Hamburg,HH_grenze,1,privat,50.0,386.152,435.43,5.005616,1,1,1,1,1,1,50.0,0,0,0,0,0,0,0,0,1,0
22455,2025,Hamburg,HH_grenze,1,privat,57.0,424.87,457.63,5.005616,1,1,1,1,1,1,57.0,0,0,0,0,0,0,0,0,0,1
22457,2015,Hamburg,HH_grenze,1,privat,2.0,8.0,9.06,7.09,0,0,0,0,0,0,2.0,1,0,0,0,0,0,0,0,0,0
22457,2016,Hamburg,HH_grenze,1,privat,3.0,19.05,20.21,7.09,0,0,0,0,0,0,3.0,0,1,0,0,0,0,0,0,0,0
22457,2017,Hamburg,HH_grenze,1,privat,7.0,28.31,34.055,7.09,0,0,0,0,0,0,7.0,0,0,1,0,0,0,0,0,0,0
22457,2018,Hamburg,HH_grenze,1,privat,3.0,8.28,8.7,7.09,0,0,0,0,0,0,3.0,0,0,0,1,0,0,0,0,0,0
22457,2019,Hamburg,HH_grenze,1,privat,5.0,29.39,29.575,7.09,0,0,0,0,0,0,5.0,0,0,0,0,1,0,0,0,0,0
22457,2020,Hamburg,HH_grenze,1,privat,19.0,98.13,102.22,7.09,0,0,0,0,0,0,19.0,0,0,0,0,0,1,0,0,0,0
22457,2021,Hamburg,HH_grenze,1,privat,18.0,131.78,139.805,7.09,0,0,0,0,0,0,18.0,0,0,0,0,0,0,1,0,0,0
22457,2022,Hamburg,HH_grenze,1,privat,31.0,217.995,242.885,7.09,0,0,0,0,0,0,31.0,0,0,0,0,0,0,0,0,0,0
22457,2023,Hamburg,HH_grenze,1,privat,78.0,574.038,641.535,7.09,1,0,1,0,1,0,78.0,0,0,0,0,0,0,0,1,0,0
22457,2024,Hamburg,HH_grenze,1,privat,78.0,677.91,767.75,7.09,1,1,1,1,1,1,78.0,0,0,0,0,0,0,0,0,1,0
22457,2025,Hamburg,HH_grenze,1,privat,69.0,599.265,656.835,7.09,1,1,1,1,1,1,69.0,0,0,0,0,0,0,0,0,0,1
22523,2015,Hamburg,HH_grenze,1,privat,4.0,13.56,14.9,6.45387,0,0,0,0,0,0,4.0,1,0,0,0,0,0,0,0,0,0
22523,2016,Hamburg,HH_grenze,1,privat,5.0,28.01,32.315,6.45387,0,0,0,0,0,0,5.0,0,1,0,0,0,0,0,0,0,0
22523,2017,Hamburg,HH_grenze,1,privat,1.0,9.92,9.92,6.45387,0,0,0,0,0,0,1.0,0,0,1,0,0,0,0,0,0,0
22523,2018,Hamburg,HH_grenze,1,privat,3.0,24.0,25.7,6.45387,0,0,0,0,0,0,3.0,0,0,0,1,0,0,0,0,0,0
22523,2019,Hamburg,HH_grenze,1,privat,5.0,32.13,34.03,6.45387,0,0,0,0,0,0,5.0,0,0,0,0,1,0,0,0,0,0
22523,2020,Hamburg,HH_grenze,1,privat,7.0,46.27,49.21,6.45387,0,0,0,0,0,0,7.0,0,0,0,0,0,1,0,0,0,0
22523,2021,Hamburg,HH_grenze,1,privat,8.0,53.25,56.95,6.45387,0,0,0,0,0,0,8.0,0,0,0,0,0,0,1,0,0,0
22523,2022,Hamburg,HH_grenze,1,privat,19.0,115.088,134.66,6.45387,0,0,0,0,0,0,19.0,0,0,0,0,0,0,0,0,0,0
22523,2023,Hamburg,HH_grenze,1,privat,48.0,349.08500000000004,393.03,6.45387,1,0,1,0,1,0,48.0,0,0,0,0,0,0,0,1,0,0
22523,2024,Hamburg,HH_grenze,1,privat,56.0,438.96,495.655,6.45387,1,1,1,1,1,1,56.0,0,0,0,0,0,0,0,0,1,0
22523,2025,Hamburg,HH_grenze,1,privat,82.0,582.785,650.5799999999999,6.45387,1,1,1,1,1,1,82.0,0,0,0,0,0,0,0,0,0,1
22547,2015,Hamburg,HH_grenze,1,privat,5.0,17.7,19.78,4.351458,0,0,0,0,0,0,5.0,1,0,0,0,0,0,0,0,0,0
22547,2016,Hamburg,HH_grenze,1,privat,2.0,8.86,9.16,4.351458,0,0,0,0,0,0,2.0,0,1,0,0,0,0,0,0,0,0
22547,2017,Hamburg,HH_grenze,1,privat,0.0,0.0,0.0,4.351458,0,0,0,0,0,0,0.0,0,0,1,0,0,0,0,0,0,0
22547,2018,Hamburg,HH_grenze,1,privat,3.0,22.0,22.955,4.351458,0,0,0,0,0,0,3.0,0,0,0,1,0,0,0,0,0,0
22547,2019,Hamburg,HH_grenze,1,privat,2.0,12.52,14.04,4.351458,0,0,0,0,0,0,2.0,0,0,0,0,1,0,0,0,0,0
22547,2020,Hamburg,HH_grenze,1,privat,4.0,20.4,25.385,4.351458,0,0,0,0,0,0,4.0,0,0,0,0,0,1,0,0,0,0
22547,2021,Hamburg,HH_grenze,1,privat,9.0,53.735,61.91,4.351458,0,0,0,0,0,0,9.0,0,0,0,0,0,0,1,0,0,0
22547,2022,Hamburg,HH_grenze,1,privat,12.0,77.03999999999999,85.30499999999999,4.351458,0,0,0,0,0,0,12.0,0,0,0,0,0,0,0,0,0,0
22547,2023,Hamburg,HH_grenze,1,privat,41.0,315.605,349.015,4.351458,1,0,1,0,1,0,41.0,0,0,0,0,0,0,0,1,0,0
22547,2024,Hamburg,HH_grenze,1,privat,49.0,409.825,454.14,4.351458,1,1,1,1,1,1,49.0,0,0,0,0,0,0,0,0,1,0
22547,2025,Hamburg,HH_grenze,1,privat,47.0,385.315,437.9,4.351458,1,1,1,1,1,1,47.0,0,0,0,0,0,0,0,0,0,1
22549,2015,Hamburg,HH_grenze,1,privat,3.0,8.72,9.66,6.345808,0,0,0,0,0,0,3.0,1,0,0,0,0,0,0,0,0,0
22549,2016,Hamburg,HH_grenze,1,privat,7.0,31.63,33.019999999999996,6.345808,0,0,0,0,0,0,7.0,0,1,0,0,0,0,0,0,0,0
22549,2017,Hamburg,HH_grenze,1,privat,5.0,22.815,22.815,6.345808,0,0,0,0,0,0,5.0,0,0,1,0,0,0,0,0,0,0
22549,2018,Hamburg,HH_grenze,1,privat,9.0,41.505,44.025,6.345808,0,0,0,0,0,0,9.0,0,0,0,1,0,0,0,0,0,0
22549,2019,Hamburg,HH_grenze,1,privat,10.0,48.595,52.345,6.345808,0,0,0,0,0,0,10.0,0,0,0,0,1,0,0,0,0,0
22549,2020,Hamburg,HH_grenze,1,privat,7.0,47.31,49.44,6.345808,0,0,0,0,0,0,7.0,0,0,0,0,0,1,0,0,0,0
22549,2021,Hamburg,HH_grenze,1,privat,15.0,106.45,120.53,6.345808,0,0,0,0,0,0,15.0,0,0,0,0,0,0,1,0,0,0
22549,2022,Hamburg,HH_grenze,1,privat,22.0,151.131,177.79,6.345808,0,0,0,0,0,0,22.0,0,0,0,0,0,0,0,0,0,0
22549,2023,Hamburg,HH_grenze,1,privat,59.0,437.689,501.05,6.345808,1,0,1,0,1,0,59.0,0,0,0,0,0,0,0,1,0,0
22549,2024,Hamburg,HH_grenze,1,privat,64.0,504.607,573.225,6.345808,1,1,1,1,1,1,64.0,0,0,0,0,0,0,0,0,1,0
22549,2025,Hamburg,HH_grenze,1,privat,73.0,642.305,717.485,6.345808,1,1,1,1,1,1,73.0,0,0,0,0,0,0,0,0,0,1
22559,2015,Hamburg,HH_grenze,1,privat,2.0,12.2,13.18,16.467148,0,0,0,0,0,0,2.0,1,0,0,0,0,0,0,0,0,0
22559,2016,Hamburg,HH_grenze,1,privat,2.0,7.01,7.21,16.467148,0,0,0,0,0,0,2.0,0,1,0,0,0,0,0,0,0,0
22559,2017,Hamburg,HH_grenze,1,privat,3.0,12.6,15.415,16.467148,0,0,0,0,0,0,3.0,0,0,1,0,0,0,0,0,0,0
22559,2018,Hamburg,HH_grenze,1,privat,4.0,18.02,19.22,16.467148,0,0,0,0,0,0,4.0,0,0,0,1,0,0,0,0,0,0
22559,2019,Hamburg,HH_grenze,1,privat,4.0,22.345,23.185,16.467148,0,0,0,0,0,0,4.0,0,0,0,0,1,0,0,0,0,0
22559,2020,Hamburg,HH_grenze,1,privat,7.0,43.379999999999995,49.81,16.467148,0,0,0,0,0,0,7.0,0,0,0,0,0,1,0,0,0,0
22559,2021,Hamburg,HH_grenze,1,privat,12.0,95.96,110.625,16.467148,0,0,0,0,0,0,12.0,0,0,0,0,0,0,1,0,0,0
22559,2022,Hamburg,HH_grenze,1,privat,22.0,186.09,204.7,16.467148,0,0,0,0,0,0,22.0,0,0,0,0,0,0,0,0,0,0
22559,2023,Hamburg,HH_grenze,1,privat,89.0,719.381,799.295,16.467148,1,0,1,0,1,0,89.0,0,0,0,0,0,0,0,1,0,0
22559,2024,Hamburg,HH_grenze,1,privat,75.0,593.05,671.831,16.467148,1,1,1,1,1,1,75.0,0,0,0,0,0,0,0,0,1,0
22559,2025,Hamburg,HH_grenze,1,privat,53.0,412.21,470.575,16.467148,1,1,1,1,1,1,53.0,0,0,0,0,0,0,0,0,0,1
22587,2015,Hamburg,HH_grenze,1,privat,0.0,0.0,0.0,9.63902,0,0,0,0,0,0,0.0,1,0,0,0,0,0,0,0,0,0
22587,2016,Hamburg,HH_grenze,1,privat,2.0,5.6899999999999995,5.91,9.63902,0,0,0,0,0,0,2.0,0,1,0,0,0,0,0,0,0,0
22587,2017,Hamburg,HH_grenze,1,privat,1.0,4.02,4.02,9.63902,0,0,0,0,0,0,1.0,0,0,1,0,0,0,0,0,0,0
22587,2018,Hamburg,HH_grenze,1,privat,1.0,4.55,4.55,9.63902,0,0,0,0,0,0,1.0,0,0,0,1,0,0,0,0,0,0
22587,2019,Hamburg,HH_grenze,1,privat,4.0,21.48,22.52,9.63902,0,0,0,0,0,0,4.0,0,0,0,0,1,0,0,0,0,0
22587,2020,Hamburg,HH_grenze,1,privat,4.0,20.21,20.855,9.63902,0,0,0,0,0,0,4.0,0,0,0,0,0,1,0,0,0,0
22587,2021,Hamburg,HH_grenze,1,privat,11.0,68.14500000000001,77.48,9.63902,0,0,0,0,0,0,11.0,0,0,0,0,0,0,1,0,0,0
22587,2022,Hamburg,HH_grenze,1,privat,12.0,78.33,86.586,9.63902,0,0,0,0,0,0,12.0,0,0,0,0,0,0,0,0,0,0
22587,2023,Hamburg,HH_grenze,1,privat,32.0,266.90999999999997,298.65500000000003,9.63902,1,0,1,0,1,0,32.0,0,0,0,0,0,0,0,1,0,0
22587,2024,Hamburg,HH_grenze,1,privat,44.0,380.941,426.45,9.63902,1,1,1,1,1,1,44.0,0,0,0,0,0,0,0,0,1,0
22587,2025,Hamburg,HH_grenze,1,privat,37.0,316.887,347.285,9.63902,1,1,1,1,1,1,37.0,0,0,0,0,0,0,0,0,0,1
22589,2015,Hamburg,HH_grenze,1,privat,7.0,25.655,26.565,8.425326,0,0,0,0,0,0,7.0,1,0,0,0,0,0,0,0,0,0
22589,2016,Hamburg,HH_grenze,1,privat,2.0,9.185,9.185,8.425326,0,0,0,0,0,0,2.0,0,1,0,0,0,0,0,0,0,0
22589,2017,Hamburg,HH_grenze,1,privat,2.0,8.0,9.0,8.425326,0,0,0,0,0,0,2.0,0,0,1,0,0,0,0,0,0,0
22589,2018,Hamburg,HH_grenze,1,privat,6.0,34.905,37.215,8.425326,0,0,0,0,0,0,6.0,0,0,0,1,0,0,0,0,0,0
22589,2019,Hamburg,HH_grenze,1,privat,7.0,39.4,44.76,8.425326,0,0,0,0,0,0,7.0,0,0,0,0,1,0,0,0,0,0
22589,2020,Hamburg,HH_grenze,1,privat,7.0,53.66,60.26,8.425326,0,0,0,0,0,0,7.0,0,0,0,0,0,1,0,0,0,0
22589,2021,Hamburg,HH_grenze,1,privat,13.0,75.97,82.185,8.425326,0,0,0,0,0,0,13.0,0,0,0,0,0,0,1,0,0,0
22589,2022,Hamburg,HH_grenze,1,privat,17.0,126.95,142.405,8.425326,0,0,0,0,0,0,17.0,0,0,0,0,0,0,0,0,0,0
22589,2023,Hamburg,HH_grenze,1,privat,80.0,541.509,601.0649999999999,8.425326,1,0,1,0,1,0,80.0,0,0,0,0,0,0,0,1,0,0
22589,2024,Hamburg,HH_grenze,1,privat,62.0,460.153,507.136,8.425326,1,1,1,1,1,1,62.0,0,0,0,0,0,0,0,0,1,0
22589,2025,Hamburg,HH_grenze,1,privat,63.0,479.78,527.6750000000001,8.425326,1,1,1,1,1,1,63.0,0,0,0,0,0,0,0,0,0,1
22848,2015,Schleswig-Holstein,SH_grenze,0,privat,4.0,18.82,19.5,13.630496,0,0,0,0,0,0,4.0,0,0,0,0,0,0,0,0,0,0
22848,2016,Schleswig-Holstein,SH_grenze,0,privat,3.0,10.31,11.39,13.630496,0,0,0,0,0,0,3.0,0,0,0,0,0,0,0,0,0,0
22848,2017,Schleswig-Holstein,SH_grenze,0,privat,2.0,12.2,14.43,13.630496,0,0,0,0,0,0,2.0,0,0,0,0,0,0,0,0,0,0
22848,2018,Schleswig-Holstein,SH_grenze,0,privat,1.0,2.1,2.1,13.630496,0,0,0,0,0,0,1.0,0,0,0,0,0,0,0,0,0,0
22848,2019,Schleswig-Holstein,SH_grenze,0,privat,8.0,33.95,37.085,13.630496,0,0,0,0,0,0,8.0,0,0,0,0,0,0,0,0,0,0
22848,2020,Schleswig-Holstein,SH_grenze,0,privat,6.0,34.39,38.510000000000005,13.630496,0,0,0,0,0,0,6.0,0,0,0,0,0,0,0,0,0,0
22848,2021,Schleswig-Holstein,SH_grenze,0,privat,7.0,41.735,47.725,13.630496,0,0,0,0,0,0,7.0,0,0,0,0,0,0,0,0,0,0
22848,2022,Schleswig-Holstein,SH_grenze,0,privat,18.0,136.29,144.4,13.630496,0,0,0,0,0,0,18.0,0,0,0,0,0,0,0,0,0,0
22848,2023,Schleswig-Holstein,SH_grenze,0,privat,47.0,324.167,368.35,13.630496,1,0,1,0,0,0,47.0,0,0,0,0,0,0,0,0,0,0
22848,2024,Schleswig-Holstein,SH_grenze,0,privat,41.0,447.483,487.66,13.630496,1,1,1,1,0,0,41.0,0,0,0,0,0,0,0,0,0,0
22848,2025,Schleswig-Holstein,SH_grenze,0,privat,25.0,236.49,264.28999999999996,13.630496,1,1,1,1,0,0,25.0,0,0,0,0,0,0,0,0,0,0
22850,2015,Schleswig-Holstein,SH_grenze,0,privat,0.0,0.0,0.0,4.399145,0,0,0,0,0,0,0.0,0,0,0,0,0,0,0,0,0,0
22850,2016,Schleswig-Holstein,SH_grenze,0,privat,0.0,0.0,0.0,4.399145,0,0,0,0,0,0,0.0,0,0,0,0,0,0,0,0,0,0
22850,2017,Schleswig-Holstein,SH_grenze,0,privat,8.0,35.87,38.705,4.399145,0,0,0,0,0,0,8.0,0,0,0,0,0,0,0,0,0,0
22850,2018,Schleswig-Holstein,SH_grenze,0,privat,7.0,40.85,42.69,4.399145,0,0,0,0,0,0,7.0,0,0,0,0,0,0,0,0,0,0
22850,2019,Schleswig-Holstein,SH_grenze,0,privat,4.0,24.69,26.55,4.399145,0,0,0,0,0,0,4.0,0,0,0,0,0,0,0,0,0,0
22850,2020,Schleswig-Holstein,SH_grenze,0,privat,3.0,15.95,17.685000000000002,4.399145,0,0,0,0,0,0,3.0,0,0,0,0,0,0,0,0,0,0
22850,2021,Schleswig-Holstein,SH_grenze,0,privat,7.0,50.3,57.66,4.399145,0,0,0,0,0,0,7.0,0,0,0,0,0,0,0,0,0,0
22850,2022,Schleswig-Holstein,SH_grenze,0,privat,13.0,85.835,96.71,4.399145,0,0,0,0,0,0,13.0,0,0,0,0,0,0,0,0,0,0
22850,2023,Schleswig-Holstein,SH_grenze,0,privat,47.0,365.375,430.92,4.399145,1,0,1,0,0,0,47.0,0,0,0,0,0,0,0,0,0,0
22850,2024,Schleswig-Holstein,SH_grenze,0,privat,51.0,332.424,386.165,4.399145,1,1,1,1,0,0,51.0,0,0,0,0,0,0,0,0,0,0
22850,2025,Schleswig-Holstein,SH_grenze,0,privat,38.0,317.02000000000004,367.235,4.399145,1,1,1,1,0,0,38.0,0,0,0,0,0,0,0,0,0,0
22851,2015,Schleswig-Holstein,SH_grenze,0,privat,11.0,54.379999999999995,64.09,12.737221,0,0,0,0,0,0,11.0,0,0,0,0,0,0,0,0,0,0
22851,2016,Schleswig-Holstein,SH_grenze,0,privat,5.0,23.01,31.48,12.737221,0,0,0,0,0,0,5.0,0,0,0,0,0,0,0,0,0,0
22851,2017,Schleswig-Holstein,SH_grenze,0,privat,2.0,10.91,10.91,12.737221,0,0,0,0,0,0,2.0,0,0,0,0,0,0,0,0,0,0
22851,2018,Schleswig-Holstein,SH_grenze,0,privat,4.0,113.34,114.97,12.737221,0,0,0,0,0,0,4.0,0,0,0,0,0,0,0,0,0,0
22851,2019,Schleswig-Holstein,SH_grenze,0,privat,4.0,48.89,57.0,12.737221,0,0,0,0,0,0,4.0,0,0,0,0,0,0,0,0,0,0
22851,2020,Schleswig-Holstein,SH_grenze,0,privat,13.0,103.17,115.095,12.737221,0,0,0,0,0,0,13.0,0,0,0,0,0,0,0,0,0,0
22851,2021,Schleswig-Holstein,SH_grenze,0,privat,18.0,124.21,132.21,12.737221,0,0,0,0,0,0,18.0,0,0,0,0,0,0,0,0,0,0
22851,2022,Schleswig-Holstein,SH_grenze,0,privat,23.0,188.915,219.615,12.737221,0,0,0,0,0,0,23.0,0,0,0,0,0,0,0,0,0,0
22851,2023,Schleswig-Holstein,SH_grenze,0,privat,93.0,705.583,799.1750000000001,12.737221,1,0,1,0,0,0,93.0,0,0,0,0,0,0,0,0,0,0
22851,2024,Schleswig-Holstein,SH_grenze,0,privat,66.0,588.0840000000001,662.7149999999999,12.737221,1,1,1,1,0,0,66.0,0,0,0,0,0,0,0,0,0,0
22851,2025,Schleswig-Holstein,SH_grenze,0,privat,45.0,316.92,368.36,12.737221,1,1,1,1,0,0,45.0,0,0,0,0,0,0,0,0,0,0
22869,2015,Schleswig-Holstein,SH_grenze,0,privat,7.0,47.13,49.56,10.000219,0,0,0,0,0,0,7.0,0,0,0,0,0,0,0,0,0,0
22869,2016,Schleswig-Holstein,SH_grenze,0,privat,3.0,26.86,27.46,10.000219,0,0,0,0,0,0,3.0,0,0,0,0,0,0,0,0,0,0
22869,2017,Schleswig-Holstein,SH_grenze,0,privat,11.0,44.312,46.045,10.000219,0,0,0,0,0,0,11.0,0,0,0,0,0,0,0,0,0,0
22869,2018,Schleswig-Holstein,SH_grenze,0,privat,6.0,33.38,36.71,10.000219,0,0,0,0,0,0,6.0,0,0,0,0,0,0,0,0,0,0
22869,2019,Schleswig-Holstein,SH_grenze,0,privat,4.0,36.88,36.88,10.000219,0,0,0,0,0,0,4.0,0,0,0,0,0,0,0,0,0,0
22869,2020,Schleswig-Holstein,SH_grenze,0,privat,5.0,28.3,32.0,10.000219,0,0,0,0,0,0,5.0,0,0,0,0,0,0,0,0,0,0
22869,2021,Schleswig-Holstein,SH_grenze,0,privat,12.0,90.685,104.195,10.000219,0,0,0,0,0,0,12.0,0,0,0,0,0,0,0,0,0,0
22869,2022,Schleswig-Holstein,SH_grenze,0,privat,39.0,279.255,316.13,10.000219,0,0,0,0,0,0,39.0,0,0,0,0,0,0,0,0,0,0
22869,2023,Schleswig-Holstein,SH_grenze,0,privat,86.0,695.17,791.74,10.000219,1,0,1,0,0,0,86.0,0,0,0,0,0,0,0,0,0,0
22869,2024,Schleswig-Holstein,SH_grenze,0,privat,84.0,755.96,839.485,10.000219,1,1,1,1,0,0,84.0,0,0,0,0,0,0,0,0,0,0
22869,2025,Schleswig-Holstein,SH_grenze,0,privat,69.0,543.425,584.055,10.000219,1,1,1,1,0,0,69.0,0,0,0,0,0,0,0,0,0,0
22880,2015,Schleswig-Holstein,SH_grenze,0,privat,11.0,29.88,33.86,32.512531,0,0,0,0,0,0,11.0,0,0,0,0,0,0,0,0,0,0
22880,2016,Schleswig-Holstein,SH_grenze,0,privat,8.0,19.14,21.59,32.512531,0,0,0,0,0,0,8.0,0,0,0,0,0,0,0,0,0,0
22880,2017,Schleswig-Holstein,SH_grenze,0,privat,13.0,73.68,81.084,32.512531,0,0,0,0,0,0,13.0,0,0,0,0,0,0,0,0,0,0
22880,2018,Schleswig-Holstein,SH_grenze,0,privat,10.0,150.74,153.07999999999998,32.512531,0,0,0,0,0,0,10.0,0,0,0,0,0,0,0,0,0,0
22880,2019,Schleswig-Holstein,SH_grenze,0,privat,6.0,24.91,25.61,32.512531,0,0,0,0,0,0,6.0,0,0,0,0,0,0,0,0,0,0
22880,2020,Schleswig-Holstein,SH_grenze,0,privat,12.0,84.86,87.08,32.512531,0,0,0,0,0,0,12.0,0,0,0,0,0,0,0,0,0,0
22880,2021,Schleswig-Holstein,SH_grenze,0,privat,39.0,374.125,400.65,32.512531,0,0,0,0,0,0,39.0,0,0,0,0,0,0,0,0,0,0
22880,2022,Schleswig-Holstein,SH_grenze,0,privat,48.0,347.61,398.74,32.512531,0,0,0,0,0,0,48.0,0,0,0,0,0,0,0,0,0,0
22880,2023,Schleswig-Holstein,SH_grenze,0,privat,133.0,1025.275,1169.175,32.512531,1,0,1,0,0,0,133.0,0,0,0,0,0,0,0,0,0,0
22880,2024,Schleswig-Holstein,SH_grenze,0,privat,105.0,898.907,1003.765,32.512531,1,1,1,1,0,0,105.0,0,0,0,0,0,0,0,0,0,0
22880,2025,Schleswig-Holstein,SH_grenze,0,privat,88.0,765.26,857.335,32.512531,1,1,1,1,0,0,88.0,0,0,0,0,0,0,0,0,0,0
22885,2015,Schleswig-Holstein,SH_grenze,0,privat,2.0,10.7,11.99,24.741183,0,0,0,0,0,0,2.0,0,0,0,0,0,0,0,0,0,0
22885,2016,Schleswig-Holstein,SH_grenze,0,privat,7.0,27.17,27.52,24.741183,0,0,0,0,0,0,7.0,0,0,0,0,0,0,0,0,0,0
22885,2017,Schleswig-Holstein,SH_grenze,0,privat,5.0,17.973,21.93,24.741183,0,0,0,0,0,0,5.0,0,0,0,0,0,0,0,0,0,0
22885,2018,Schleswig-Holstein,SH_grenze,0,privat,3.0,19.41,19.41,24.741183,0,0,0,0,0,0,3.0,0,0,0,0,0,0,0,0,0,0
22885,2019,Schleswig-Holstein,SH_grenze,0,privat,7.0,57.4,60.260000000000005,24.741183,0,0,0,0,0,0,7.0,0,0,0,0,0,0,0,0,0,0
22885,2020,Schleswig-Holstein,SH_grenze,0,privat,5.0,28.75,32.04,24.741183,0,0,0,0,0,0,5.0,0,0,0,0,0,0,0,0,0,0
22885,2021,Schleswig-Holstein,SH_grenze,0,privat,25.0,198.665,216.49,24.741183,0,0,0,0,0,0,25.0,0,0,0,0,0,0,0,0,0,0
22885,2022,Schleswig-Holstein,SH_grenze,0,privat,25.0,169.69,191.09,24.741183,0,0,0,0,0,0,25.0,0,0,0,0,0,0,0,0,0,0
22885,2023,Schleswig-Holstein,SH_grenze,0,privat,106.0,881.335,1016.29,24.741183,1,0,1,0,0,0,106.0,0,0,0,0,0,0,0,0,0,0
22885,2024,Schleswig-Holstein,SH_grenze,0,privat,63.0,533.891,589.92,24.741183,1,1,1,1,0,0,63.0,0,0,0,0,0,0,0,0,0,0
22885,2025,Schleswig-Holstein,SH_grenze,0,privat,59.0,488.84,557.245,24.741183,1,1,1,1,0,0,59.0,0,0,0,0,0,0,0,0,0,0
22889,2015,Schleswig-Holstein,SH_grenze,0,privat,3.0,17.18,17.77,39.803736,0,0,0,0,0,0,3.0,0,0,0,0,0,0,0,0,0,0
22889,2016,Schleswig-Holstein,SH_grenze,0,privat,4.0,15.03,15.63,39.803736,0,0,0,0,0,0,4.0,0,0,0,0,0,0,0,0,0,0
22889,2017,Schleswig-Holstein,SH_grenze,0,privat,4.0,26.65,28.335,39.803736,0,0,0,0,0,0,4.0,0,0,0,0,0,0,0,0,0,0
22889,2018,Schleswig-Holstein,SH_grenze,0,privat,2.0,19.475,19.475,39.803736,0,0,0,0,0,0,2.0,0,0,0,0,0,0,0,0,0,0
22889,2019,Schleswig-Holstein,SH_grenze,0,privat,3.0,15.0,16.42,39.803736,0,0,0,0,0,0,3.0,0,0,0,0,0,0,0,0,0,0
22889,2020,Schleswig-Holstein,SH_grenze,0,privat,12.0,87.19999999999999,93.655,39.803736,0,0,0,0,0,0,12.0,0,0,0,0,0,0,0,0,0,0
22889,2021,Schleswig-Holstein,SH_grenze,0,privat,15.0,94.73,112.78,39.803736,0,0,0,0,0,0,15.0,0,0,0,0,0,0,0,0,0,0
22889,2022,Schleswig-Holstein,SH_grenze,0,privat,20.0,186.145,207.355,39.803736,0,0,0,0,0,0,20.0,0,0,0,0,0,0,0,0,0,0
22889,2023,Schleswig-Holstein,SH_grenze,0,privat,89.0,784.745,876.479,39.803736,1,0,1,0,0,0,89.0,0,0,0,0,0,0,0,0,0,0
22889,2024,Schleswig-Holstein,SH_grenze,0,privat,61.0,580.905,691.855,39.803736,1,1,1,1,0,0,61.0,0,0,0,0,0,0,0,0,0,0
22889,2025,Schleswig-Holstein,SH_grenze,0,privat,48.0,441.685,491.055,39.803736,1,1,1,1,0,0,48.0,0,0,0,0,0,0,0,0,0,0
22926,2015,Schleswig-Holstein,SH_grenze,0,privat,9.0,35.72,39.833,35.269952,0,0,0,0,0,0,9.0,0,0,0,0,0,0,0,0,0,0
22926,2016,Schleswig-Holstein,SH_grenze,0,privat,14.0,87.86,96.63,35.269952,0,0,0,0,0,0,14.0,0,0,0,0,0,0,0,0,0,0
22926,2017,Schleswig-Holstein,SH_grenze,0,privat,7.0,155.73000000000002,160.69,35.269952,0,0,0,0,0,0,7.0,0,0,0,0,0,0,0,0,0,0
22926,2018,Schleswig-Holstein,SH_grenze,0,privat,18.0,201.86,210.07,35.269952,0,0,0,0,0,0,18.0,0,0,0,0,0,0,0,0,0,0
22926,2019,Schleswig-Holstein,SH_grenze,0,privat,17.0,197.08,204.39,35.269952,0,0,0,0,0,0,17.0,0,0,0,0,0,0,0,0,0,0
22926,2020,Schleswig-Holstein,SH_grenze,0,privat,45.0,285.875,315.845,35.269952,0,0,0,0,0,0,45.0,0,0,0,0,0,0,0,0,0,0
22926,2021,Schleswig-Holstein,SH_grenze,0,privat,60.0,509.308,591.478,35.269952,0,0,0,0,0,0,60.0,0,0,0,0,0,0,0,0,0,0
22926,2022,Schleswig-Holstein,SH_grenze,0,privat,74.0,584.235,665.977,35.269952,0,0,0,0,0,0,74.0,0,0,0,0,0,0,0,0,0,0
22926,2023,Schleswig-Holstein,SH_grenze,0,privat,253.0,2368.982,2617.266,35.269952,1,0,1,0,0,0,253.0,0,0,0,0,0,0,0,0,0,0
22926,2024,Schleswig-Holstein,SH_grenze,0,privat,246.0,2083.725,2374.976,35.269952,1,1,1,1,0,0,246.0,0,0,0,0,0,0,0,0,0,0
22926,2025,Schleswig-Holstein,SH_grenze,0,privat,188.0,1616.867,1842.58,35.269952,1,1,1,1,0,0,188.0,0,0,0,0,0,0,0,0,0,0
22941,2015,Schleswig-Holstein,SH_grenze,0,privat,8.0,38.5,41.795,49.810731,0,0,0,0,0,0,8.0,0,0,0,0,0,0,0,0,0,0
22941,2016,Schleswig-Holstein,SH_grenze,0,privat,11.0,72.21,79.191,49.810731,0,0,0,0,0,0,11.0,0,0,0,0,0,0,0,0,0,0
22941,2017,Schleswig-Holstein,SH_grenze,0,privat,8.0,41.285,42.489999999999995,49.810731,0,0,0,0,0,0,8.0,0,0,0,0,0,0,0,0,0,0
22941,2018,Schleswig-Holstein,SH_grenze,0,privat,13.0,106.905,119.265,49.810731,0,0,0,0,0,0,13.0,0,0,0,0,0,0,0,0,0,0
22941,2019,Schleswig-Holstein,SH_grenze,0,privat,18.0,208.21,215.805,49.810731,0,0,0,0,0,0,18.0,0,0,0,0,0,0,0,0,0,0
22941,2020,Schleswig-Holstein,SH_grenze,0,privat,40.0,311.75,342.735,49.810731,0,0,0,0,0,0,40.0,0,0,0,0,0,0,0,0,0,0
22941,2021,Schleswig-Holstein,SH_grenze,0,privat,44.0,373.87,420.065,49.810731,0,0,0,0,0,0,44.0,0,0,0,0,0,0,0,0,0,0
22941,2022,Schleswig-Holstein,SH_grenze,0,privat,95.0,745.005,827.435,49.810731,0,0,0,0,0,0,95.0,0,0,0,0,0,0,0,0,0,0
22941,2023,Schleswig-Holstein,SH_grenze,0,privat,185.0,1588.478,1814.666,49.810731,1,0,1,0,0,0,185.0,0,0,0,0,0,0,0,0,0,0
22941,2024,Schleswig-Holstein,SH_grenze,0,privat,192.0,1616.896,1821.372,49.810731,1,1,1,1,0,0,192.0,0,0,0,0,0,0,0,0,0,0
22941,2025,Schleswig-Holstein,SH_grenze,0,privat,145.0,1326.418,1499.375,49.810731,1,1,1,1,0,0,145.0,0,0,0,0,0,0,0,0,0,0
22949,2015,Schleswig-Holstein,SH_grenze,0,privat,2.0,11.8,13.42,17.631821,0,0,0,0,0,0,2.0,0,0,0,0,0,0,0,0,0,0
22949,2016,Schleswig-Holstein,SH_grenze,0,privat,3.0,16.515,19.155,17.631821,0,0,0,0,0,0,3.0,0,0,0,0,0,0,0,0,0,0
22949,2017,Schleswig-Holstein,SH_grenze,0,privat,2.0,11.36,11.72,17.631821,0,0,0,0,0,0,2.0,0,0,0,0,0,0,0,0,0,0
22949,2018,Schleswig-Holstein,SH_grenze,0,privat,3.0,17.93,19.25,17.631821,0,0,0,0,0,0,3.0,0,0,0,0,0,0,0,0,0,0
22949,2019,Schleswig-Holstein,SH_grenze,0,privat,5.0,35.3,39.3,17.631821,0,0,0,0,0,0,5.0,0,0,0,0,0,0,0,0,0,0
22949,2020,Schleswig-Holstein,SH_grenze,0,privat,11.0,74.725,94.055,17.631821,0,0,0,0,0,0,11.0,0,0,0,0,0,0,0,0,0,0
22949,2021,Schleswig-Holstein,SH_grenze,0,privat,25.0,164.82999999999998,175.175,17.631821,0,0,0,0,0,0,25.0,0,0,0,0,0,0,0,0,0,0
22949,2022,Schleswig-Holstein,SH_grenze,0,privat,32.0,246.15,279.375,17.631821,0,0,0,0,0,0,32.0,0,0,0,0,0,0,0,0,0,0
22949,2023,Schleswig-Holstein,SH_grenze,0,privat,79.0,616.475,708.212,17.631821,1,0,1,0,0,0,79.0,0,0,0,0,0,0,0,0,0,0
22949,2024,Schleswig-Holstein,SH_grenze,0,privat,78.0,639.468,744.66,17.631821,1,1,1,1,0,0,78.0,0,0,0,0,0,0,0,0,0,0
22949,2025,Schleswig-Holstein,SH_grenze,0,privat,62.0,527.945,606.46,17.631821,1,1,1,1,0,0,62.0,0,0,0,0,0,0,0,0,0,0
25421,2015,Schleswig-Holstein,SH_grenze,0,privat,5.0,20.985,23.32,21.466606,0,0,0,0,0,0,5.0,0,0,0,0,0,0,0,0,0,0
25421,2016,Schleswig-Holstein,SH_grenze,0,privat,11.0,40.367999999999995,44.465,21.466606,0,0,0,0,0,0,11.0,0,0,0,0,0,0,0,0,0,0
25421,2017,Schleswig-Holstein,SH_grenze,0,privat,6.0,24.74,26.72,21.466606,0,0,0,0,0,0,6.0,0,0,0,0,0,0,0,0,0,0
25421,2018,Schleswig-Holstein,SH_grenze,0,privat,4.0,23.799999999999997,23.88,21.466606,0,0,0,0,0,0,4.0,0,0,0,0,0,0,0,0,0,0
25421,2019,Schleswig-Holstein,SH_grenze,0,privat,7.0,42.02,44.935,21.466606,0,0,0,0,0,0,7.0,0,0,0,0,0,0,0,0,0,0
25421,2020,Schleswig-Holstein,SH_grenze,0,privat,23.0,161.22,174.76,21.466606,0,0,0,0,0,0,23.0,0,0,0,0,0,0,0,0,0,0
25421,2021,Schleswig-Holstein,SH_grenze,0,privat,44.0,391.74,428.46,21.466606,0,0,0,0,0,0,44.0,0,0,0,0,0,0,0,0,0,0
25421,2022,Schleswig-Holstein,SH_grenze,0,privat,92.0,704.912,795.5899999999999,21.466606,0,0,0,0,0,0,92.0,0,0,0,0,0,0,0,0,0,0
25421,2023,Schleswig-Holstein,SH_grenze,0,privat,229.0,1736.432,1913.964,21.466606,1,0,1,0,0,0,229.0,0,0,0,0,0,0,0,0,0,0
25421,2024,Schleswig-Holstein,SH_grenze,0,privat,255.0,2139.814,2366.46,21.466606,1,1,1,1,0,0,255.0,0,0,0,0,0,0,0,0,0,0
25421,2025,Schleswig-Holstein,SH_grenze,0,privat,170.0,1507.04,1676.45,21.466606,1,1,1,1,0,0,170.0,0,0,0,0,0,0,0,0,0,0
25462,2015,Schleswig-Holstein,SH_grenze,0,privat,7.0,39.31,40.7,13.142629,0,0,0,0,0,0,7.0,0,0,0,0,0,0,0,0,0,0
25462,2016,Schleswig-Holstein,SH_grenze,0,privat,7.0,29.27,31.340000000000003,13.142629,0,0,0,0,0,0,7.0,0,0,0,0,0,0,0,0,0,0
25462,2017,Schleswig-Holstein,SH_grenze,0,privat,3.0,22.92,25.01,13.142629,0,0,0,0,0,0,3.0,0,0,0,0,0,0,0,0,0,0
25462,2018,Schleswig-Holstein,SH_grenze,0,privat,6.0,46.78,47.07,13.142629,0,0,0,0,0,0,6.0,0,0,0,0,0,0,0,0,0,0
25462,2019,Schleswig-Holstein,SH_grenze,0,privat,6.0,31.36,35.25,13.142629,0,0,0,0,0,0,6.0,0,0,0,0,0,0,0,0,0,0
25462,2020,Schleswig-Holstein,SH_grenze,0,privat,19.0,139.44,149.065,13.142629,0,0,0,0,0,0,19.0,0,0,0,0,0,0,0,0,0,0
25462,2021,Schleswig-Holstein,SH_grenze,0,privat,32.0,275.9,309.90999999999997,13.142629,0,0,0,0,0,0,32.0,0,0,0,0,0,0,0,0,0,0
25462,2022,Schleswig-Holstein,SH_grenze,0,privat,38.0,314.475,354.41499999999996,13.142629,0,0,0,0,0,0,38.0,0,0,0,0,0,0,0,0,0,0
25462,2023,Schleswig-Holstein,SH_grenze,0,privat,161.0,1327.38,1496.853,13.142629,1,0,1,0,0,0,161.0,0,0,0,0,0,0,0,0,0,0
25462,2024,Schleswig-Holstein,SH_grenze,0,privat,116.0,948.245,1073.435,13.142629,1,1,1,1,0,0,116.0,0,0,0,0,0,0,0,0,0,0
25462,2025,Schleswig-Holstein,SH_grenze,0,privat,89.0,826.77,938.54,13.142629,1,1,1,1,0,0,89.0,0,0,0,0,0,0,0,0,0,0
25469,2015,Schleswig-Holstein,SH_grenze,0,privat,11.0,50.445,54.665,12.577696,0,0,0,0,0,0,11.0,0,0,0,0,0,0,0,0,0,0
25469,2016,Schleswig-Holstein,SH_grenze,0,privat,5.0,19.525,26.94,12.577696,0,0,0,0,0,0,5.0,0,0,0,0,0,0,0,0,0,0
25469,2017,Schleswig-Holstein,SH_grenze,0,privat,6.0,29.64,30.020000000000003,12.577696,0,0,0,0,0,0,6.0,0,0,0,0,0,0,0,0,0,0
25469,2018,Schleswig-Holstein,SH_grenze,0,privat,7.0,31.68,34.06,12.577696,0,0,0,0,0,0,7.0,0,0,0,0,0,0,0,0,0,0
25469,2019,Schleswig-Holstein,SH_grenze,0,privat,16.0,110.375,123.465,12.577696,0,0,0,0,0,0,16.0,0,0,0,0,0,0,0,0,0,0
25469,2020,Schleswig-Holstein,SH_grenze,0,privat,21.0,129.245,149.06,12.577696,0,0,0,0,0,0,21.0,0,0,0,0,0,0,0,0,0,0
25469,2021,Schleswig-Holstein,SH_grenze,0,privat,13.0,114.0,127.99,12.577696,0,0,0,0,0,0,13.0,0,0,0,0,0,0,0,0,0,0
25469,2022,Schleswig-Holstein,SH_grenze,0,privat,44.0,388.75,433.85,12.577696,0,0,0,0,0,0,44.0,0,0,0,0,0,0,0,0,0,0
25469,2023,Schleswig-Holstein,SH_grenze,0,privat,165.0,1453.534,1614.345,12.577696,1,0,1,0,0,0,165.0,0,0,0,0,0,0,0,0,0,0
25469,2024,Schleswig-Holstein,SH_grenze,0,privat,119.0,923.513,1034.605,12.577696,1,1,1,1,0,0,119.0,0,0,0,0,0,0,0,0,0,0
25469,2025,Schleswig-Holstein,SH_grenze,0,privat,90.0,736.547,815.495,12.577696,1,1,1,1,0,0,90.0,0,0,0,0,0,0,0,0,0,0
25474,2015,Schleswig-Holstein,SH_grenze,0,privat,3.0,12.125,12.475,31.416024,0,0,0,0,0,0,3.0,0,0,0,0,0,0,0,0,0,0
25474,2016,Schleswig-Holstein,SH_grenze,0,privat,4.0,26.89,27.09,31.416024,0,0,0,0,0,0,4.0,0,0,0,0,0,0,0,0,0,0
25474,2017,Schleswig-Holstein,SH_grenze,0,privat,9.0,29.94,32.82,31.416024,0,0,0,0,0,0,9.0,0,0,0,0,0,0,0,0,0,0
25474,2018,Schleswig-Holstein,SH_grenze,0,privat,11.0,81.39,89.28,31.416024,0,0,0,0,0,0,11.0,0,0,0,0,0,0,0,0,0,0
25474,2019,Schleswig-Holstein,SH_grenze,0,privat,15.0,106.34,116.72,31.416024,0,0,0,0,0,0,15.0,0,0,0,0,0,0,0,0,0,0
25474,2020,Schleswig-Holstein,SH_grenze,0,privat,19.0,143.305,162.575,31.416024,0,0,0,0,0,0,19.0,0,0,0,0,0,0,0,0,0,0
25474,2021,Schleswig-Holstein,SH_grenze,0,privat,31.0,255.19,282.225,31.416024,0,0,0,0,0,0,31.0,0,0,0,0,0,0,0,0,0,0
25474,2022,Schleswig-Holstein,SH_grenze,0,privat,56.0,451.025,502.025,31.416024,0,0,0,0,0,0,56.0,0,0,0,0,0,0,0,0,0,0
25474,2023,Schleswig-Holstein,SH_grenze,0,privat,163.0,1274.937,1445.995,31.416024,1,0,1,0,0,0,163.0,0,0,0,0,0,0,0,0,0,0
25474,2024,Schleswig-Holstein,SH_grenze,0,privat,121.0,1081.256,1202.04,31.416024,1,1,1,1,0,0,121.0,0,0,0,0,0,0,0,0,0,0
25474,2025,Schleswig-Holstein,SH_grenze,0,privat,97.0,975.05,1099.225,31.416024,1,1,1,1,0,0,97.0,0,0,0,0,0,0,0,0,0,0
25482,2015,Schleswig-Holstein,SH_grenze,0,privat,2.0,7.640000000000001,8.040000000000001,20.390455,0,0,0,0,0,0,2.0,0,0,0,0,0,0,0,0,0,0
25482,2016,Schleswig-Holstein,SH_grenze,0,privat,1.0,9.5,9.5,20.390455,0,0,0,0,0,0,1.0,0,0,0,0,0,0,0,0,0,0
25482,2017,Schleswig-Holstein,SH_grenze,0,privat,3.0,17.67,18.02,20.390455,0,0,0,0,0,0,3.0,0,0,0,0,0,0,0,0,0,0
25482,2018,Schleswig-Holstein,SH_grenze,0,privat,1.0,3.35,3.35,20.390455,0,0,0,0,0,0,1.0,0,0,0,0,0,0,0,0,0,0
25482,2019,Schleswig-Holstein,SH_grenze,0,privat,0.0,0.0,0.0,20.390455,0,0,0,0,0,0,0.0,0,0,0,0,0,0,0,0,0,0
25482,2020,Schleswig-Holstein,SH_grenze,0,privat,4.0,24.78,26.94,20.390455,0,0,0,0,0,0,4.0,0,0,0,0,0,0,0,0,0,0
25482,2021,Schleswig-Holstein,SH_grenze,0,privat,5.0,38.08,50.34,20.390455,0,0,0,0,0,0,5.0,0,0,0,0,0,0,0,0,0,0
25482,2022,Schleswig-Holstein,SH_grenze,0,privat,17.0,161.54,183.72,20.390455,0,0,0,0,0,0,17.0,0,0,0,0,0,0,0,0,0,0
25482,2023,Schleswig-Holstein,SH_grenze,0,privat,64.0,538.11,598.6,20.390455,1,0,1,0,0,0,64.0,0,0,0,0,0,0,0,0,0,0
25482,2024,Schleswig-Holstein,SH_grenze,0,privat,52.0,496.67,575.736,20.390455,1,1,1,1,0,0,52.0,0,0,0,0,0,0,0,0,0,0
25482,2025,Schleswig-Holstein,SH_grenze,0,privat,36.0,272.955,319.0,20.390455,1,1,1,1,0,0,36.0,0,0,0,0,0,0,0,0,0,0
