"Statistikamt Nord; ";;;;;;;;;;;;;;;;13.03.26
"311-1; Kue.";;;;;;;;;;;;;;;;
;;;;;;;;;;;;;;;;
31121  Statistik der Baufertigstellungen;;;;;;;;;;;;;;;;
31121HOJ75 Baufertigstellungen im Wohn- und Nichtwohnbau, Neubauten - HH (2010-2024);;;;;;;;;;;;;;;;
;;;;;;;;;;;;;;;;
Bezirk;Stadtteil;Anzahl fertiggestellter Wohn- und Nichtwohngebäude im Neubau nach Jahren 2010-2024;;;;;;;;;;;;;;
;;;;;;;;;;;;;;;;
;;2010;2011;2012;2013;2014;2015;2016;2017;2018;2019;2020;2021;2022;2023;2024
1 Hamburg-Mitte;101 Hamburg-Altstadt;;3;;4;3;5;5;3;;;3;;2;;4
1 Hamburg-Mitte;102 HafenCity;15;3;2;5;2;38;8;10;17;6;8;21;9;11;29
1 Hamburg-Mitte;103 Neustadt;2;3;8;1;2;7;1;4;3;2;4;1;1;2;
1 Hamburg-Mitte;104 St. Pauli;2;2;6;5;1;6;3;10;2;5;2;3;1;3;2
1 Hamburg-Mitte;105 St. Georg;16;2;5;8;4;15;1;4;10;7;1;7;1;1;1
1 Hamburg-Mitte;106 Hammerbrook;;2;4;3;3;4;7;10;2;12;3;4;10;;3
1 Hamburg-Mitte;107 Borgfelde;;;;2;;2;4;12;;9;3;1;4;1;
1 Hamburg-Mitte;108 Hamm (-Nord);7;2;;6;12;3;7;5;3;5;9;1;2;1;1
1 Hamburg-Mitte;111 Horn;2;;;4;2;5;2;10;10;16;25;8;12;5;
1 Hamburg-Mitte;112 Billstedt;14;44;61;75;82;98;39;32;17;54;57;23;51;97;115
1 Hamburg-Mitte;113 Billbrook;;1;;1;4;2;6;4;3;2;1;2;2;;4
1 Hamburg-Mitte;114 Rothenburgsort;4;2;3;6;;;3;4;7;4;2;8;;4;9
1 Hamburg-Mitte;115 Veddel;7;2;4;7;3;1;1;2;3;1;4;1;;3;3
1 Hamburg-Mitte;116 Wilhelmsburg;36;36;24;49;27;30;23;23;22;23;13;9;42;26;16
1 Hamburg-Mitte;117 Kleiner Grasbrook;;;;3;1;;;;;1;;;1;;1
1 Hamburg-Mitte;118 Steinwerder;5;1;;2;;3;1;3;;1;1;1;;1;
1 Hamburg-Mitte;119 Waltershof;1;2;1;3;;;3;3;2;;;;1;1;
1 Hamburg-Mitte;120 Finkenwerder;4;16;3;4;;8;6;;3;15;9;1;4;1;2
1 Hamburg-Mitte;Gesamtsumme;115;121;121;188;146;227;120;139;104;163;145;91;143;157;190
2 Altona;201 Altona-Altstadt;4;23;9;9;9;8;5;12;8;4;6;;6;1;
2 Altona;202 Sternschanze;;3;1;;1;2;;;3;1;;2;2;;1
2 Altona;203 Altona-Nord;1;4;2;;1;2;8;12;36;18;21;3;5;;2
2 Altona;204 Ottensen;4;16;11;35;15;4;5;17;5;4;6;6;7;13;22
2 Altona;205 Bahrenfeld;18;11;12;10;20;25;22;16;11;37;11;20;13;6;13
2 Altona;206 Groß Flottbek;5;8;5;21;9;5;9;11;5;11;13;12;16;6;7
2 Altona;207 Othmarschen;44;9;20;14;30;27;9;13;17;17;15;10;19;7;4
2 Altona;208 Lurup;40;26;33;52;29;44;26;30;61;42;35;58;69;19;20
2 Altona;209 Osdorf;15;17;34;49;23;8;12;22;21;24;23;6;35;12;11
2 Altona;210 Nienstedten;5;17;8;6;8;8;8;15;7;4;5;3;6;8;11
2 Altona;211 Blankenese;12;25;26;26;21;15;21;19;21;33;5;17;15;12;12
2 Altona;212 Iserbrook;16;23;5;27;12;21;13;15;29;11;16;12;14;14;2
2 Altona;213 Sülldorf;21;11;20;17;3;27;1;44;12;6;9;4;8;8;9
2 Altona;214 Rissen;15;23;23;56;26;23;26;30;36;28;35;26;17;24;9
2 Altona;Gesamtsumme;200;216;209;322;207;219;165;256;272;240;200;179;232;130;123
3 Eimsbüttel;301 Eimsbüttel;22;10;7;12;9;21;2;8;5;3;8;2;10;2;5
3 Eimsbüttel;302 Rotherbaum;;1;;4;3;7;8;6;3;5;6;2;9;4;1
3 Eimsbüttel;303 Harvestehude;;10;4;25;4;1;;1;5;;1;1;1;3;
3 Eimsbüttel;304 Hoheluft-West;;8;;;;1;5;9;;2;3;1;1;1;
3 Eimsbüttel;305 Lokstedt;15;47;12;52;28;12;7;18;27;41;43;7;22;8;9
3 Eimsbüttel;306 Niendorf;45;56;54;74;46;63;68;52;65;54;30;33;64;36;25
3 Eimsbüttel;307 Schnelsen;32;51;38;50;97;47;38;75;63;37;35;33;47;35;29
3 Eimsbüttel;308 Eidelstedt;29;39;12;26;35;50;27;34;32;12;44;17;17;20;16
3 Eimsbüttel;309 Stellingen;6;14;6;21;14;36;6;11;15;24;12;10;30;7;21
3 Eimsbüttel;Gesamtsumme;149;236;133;264;236;238;161;214;215;178;182;106;201;116;106
4 Hamburg-Nord;401 Hoheluft-Ost;;;;1;1;8;;;4;1;5;;1;;
4 Hamburg-Nord;402 Eppendorf;1;5;10;4;6;2;2;5;7;3;4;9;1;1;1
4 Hamburg-Nord;403 Groß Borstel;6;3;4;11;5;5;10;7;8;19;15;21;13;5;9
4 Hamburg-Nord;404 Alsterdorf;5;3;3;5;15;11;23;18;10;12;7;8;10;10;28
4 Hamburg-Nord;405 Winterhude;18;7;10;28;47;53;22;24;21;6;44;7;27;31;8
4 Hamburg-Nord;406 Uhlenhorst;3;3;1;14;8;6;56;5;37;1;7;1;20;4;5
4 Hamburg-Nord;407 Hohenfelde;;1;2;;1;17;6;8;3;1;1;;6;1;1
4 Hamburg-Nord;408 Barmbek-Süd;7;3;2;31;10;21;22;11;11;17;14;12;6;3;14
4 Hamburg-Nord;409 Dulsberg;;;2;;5;2;3;1;1;1;8;3;1;;
4 Hamburg-Nord;410 Barmbek-Nord;4;6;26;17;10;11;24;5;7;17;14;21;36;10;13
4 Hamburg-Nord;411 Ohlsdorf;53;10;27;12;4;8;15;15;36;16;7;12;9;12;2
4 Hamburg-Nord;412 Fuhlsbüttel;2;;2;5;1;6;22;8;9;20;9;7;14;4;3
4 Hamburg-Nord;413 Langenhorn;8;10;17;114;48;125;64;43;38;101;40;28;26;23;29
4 Hamburg-Nord;Gesamtsumme;107;51;106;242;161;275;269;150;192;215;175;129;170;104;113
5 Wandsbek;501 Eilbek;3;1;1;2;5;2;9;6;15;4;4;3;7;;1
5 Wandsbek;502 Wandsbek;18;20;16;15;10;7;34;14;15;55;42;12;16;8;27
5 Wandsbek;503 Marienthal;34;6;5;6;4;5;9;7;13;20;4;10;9;10;10
5 Wandsbek;504 Jenfeld;1;6;15;11;7;13;10;28;80;74;69;11;40;45;10
5 Wandsbek;505 Tonndorf;5;106;2;40;15;16;11;5;31;14;13;14;21;9;32
5 Wandsbek;506 Farmsen-Berne;25;25;23;34;23;29;21;46;49;58;25;31;18;36;28
5 Wandsbek;507 Bramfeld;56;42;19;34;37;48;82;65;55;47;48;32;58;36;23
5 Wandsbek;508 Steilshoop;;2;;3;;2;2;2;1;5;1;;1;;3
5 Wandsbek;509 Wellingsbüttel;25;28;32;34;21;22;31;33;37;21;24;20;28;12;11
5 Wandsbek;510 Sasel;78;56;63;102;81;72;63;65;75;68;78;60;83;65;41
5 Wandsbek;511 Poppenbüttel;59;43;31;55;36;42;41;58;53;23;34;30;33;26;29
5 Wandsbek;512 Hummelsbüttel;11;5;24;11;20;19;7;26;25;39;37;17;21;7;19
5 Wandsbek;513 Lemsahl-Mellingstedt;39;22;23;29;19;26;15;19;47;44;40;38;43;25;36
5 Wandsbek;514 Duvenstedt;10;24;31;31;14;23;13;16;12;10;13;14;16;5;11
5 Wandsbek;515 Wohldorf-Ohlstedt;6;16;9;22;15;30;14;29;21;14;33;28;11;9;9
5 Wandsbek;516 Bergstedt;53;56;65;34;21;26;28;20;25;28;16;13;22;27;15
5 Wandsbek;517 Volksdorf;31;53;27;62;31;37;41;35;45;44;23;36;33;33;22
5 Wandsbek;518 Rahlstedt;76;82;75;99;73;134;86;100;94;102;72;66;80;55;49
5 Wandsbek;Gesamtsumme;530;593;461;624;432;553;517;574;693;670;576;435;540;408;376
6 Bergedorf;601 Lohbrügge;27;24;18;36;25;20;12;34;57;48;45;24;25;10;7
6 Bergedorf;602 Bergedorf;53;18;23;21;19;33;31;31;44;50;54;16;31;15;10
6 Bergedorf;603 Curslack;10;6;18;9;6;15;4;12;9;7;6;12;9;8;7
6 Bergedorf;604 Altengamme;1;4;3;4;2;3;3;2;2;7;7;2;10;13;1
6 Bergedorf;605 Neuengamme;10;11;10;12;4;6;5;9;14;6;10;12;5;2;7
6 Bergedorf;606 Kirchwerder;31;31;35;31;22;26;43;37;46;28;28;16;26;19;5
6 Bergedorf;607 Ochsenwerder;10;6;18;9;11;15;5;19;39;29;18;3;12;3;2
6 Bergedorf;608 Reitbrook;4;;1;1;;2;3;;2;3;2;1;2;1;
6 Bergedorf;609 Allermöhe;54;4;57;10;2;9;9;4;7;5;4;;3;1;1
6 Bergedorf;610 Billwerder;4;;6;5;2;2;2;2;1;2;12;15;4;19;1
6 Bergedorf;611 Moorfleet;;1;2;2;2;3;1;2;1;;2;3;;1;
6 Bergedorf;612 Tatenberg;;3;2;3;1;1;6;2;1;3;3;;2;2;
6 Bergedorf;613 Spadenland;;;;1;1;;3;1;4;1;;;1;4;
6 Bergedorf;614 Neuallermöhe;;36;;45;46;3;17;11;2;4;8;2;;;5
6 Bergedorf;Gesamtsumme;204;144;193;189;143;138;144;166;229;193;199;106;130;98;46
7 Harburg;701 Harburg;3;3;3;23;11;67;15;15;7;21;6;5;5;2;10
7 Harburg;702 Neuland;5;;3;4;1;2;6;1;6;4;7;3;2;6;2
7 Harburg;703 Gut Moor;;;;;;;;;;;;;;1;
7 Harburg;704 Wilstorf;1;1;2;2;2;8;;13;5;2;;4;2;;6
7 Harburg;705 Rönneburg;2;5;4;3;;2;1;4;6;2;3;17;7;4;2
7 Harburg;706 Langenbek;;;;10;;;;1;;;;;;;
7 Harburg;707 Sinstorf;;2;15;4;5;5;3;37;3;9;3;4;2;2;2
7 Harburg;708 Marmstorf;5;6;6;9;3;3;7;2;12;3;4;5;5;10;12
7 Harburg;709 Eißendorf;11;22;23;33;18;25;31;31;21;23;12;15;24;27;12
7 Harburg;710 Heimfeld;26;14;12;13;15;8;6;13;5;16;6;14;12;5;2
7 Harburg;711 Moorburg;2;5;;5;1;;1;2;1;1;;;;;
7 Harburg;712 Altenwerder;1;;;;;;;1;;1;2;;3;;
7 Harburg;713 Hausbruch;24;22;14;21;40;23;11;27;11;62;5;7;6;10;3
7 Harburg;714 Neugraben-Fischbek;32;63;43;79;40;69;96;172;212;201;191;245;74;78;34
7 Harburg;715 Francop;2;5;4;2;6;3;;8;1;;1;2;6;1;
7 Harburg;716 Neuenfelde;9;9;3;7;7;6;2;4;7;6;12;43;10;5;5
7 Harburg;717 Cranz;;;1;;;;;;;2;;;;;
7 Harburg;Gesamtsumme;123;157;133;215;149;221;179;331;297;353;252;364;158;151;90
Hamburg;Gesamtsumme;1.428;1.518;1.356;2.044;1.474;1.871;1.555;1.830;2.002;2.012;1.729;1.410;1.574;1.164;1.044