Postleitzahl,year,bundesland,group,treated,operator_type,anzahl_anlagen,netto_kw,brutto_kw,flaeche_km2,post2023,post2024,post_t1,post_t2,treat_x_t1,treat_x_t2,outcome,treat_x_2015,treat_x_2016,treat_x_2017,treat_x_2018,treat_x_2019,treat_x_2021,treat_x_2022
21029,2015,Hamburg,HH_grenze,1,privat,1.0,6.76,6.76,6.453903,0,0,0,0,0,0,1.0,1,0,0,0,0,0,0
21029,2016,Hamburg,HH_grenze,1,privat,2.0,35.86,36.7,6.453903,0,0,0,0,0,0,2.0,0,1,0,0,0,0,0
21029,2017,Hamburg,HH_grenze,1,privat,4.0,24.6,26.79,6.453903,0,0,0,0,0,0,4.0,0,0,1,0,0,0,0
21029,2018,Hamburg,HH_grenze,1,privat,0.0,0.0,0.0,6.453903,0,0,0,0,0,0,0.0,0,0,0,1,0,0,0
21029,2019,Hamburg,HH_grenze,1,privat,3.0,22.2,23.48,6.453903,0,0,0,0,0,0,3.0,0,0,0,0,1,0,0
21029,2020,Hamburg,HH_grenze,1,privat,6.0,77.27,94.32,6.453903,0,0,0,0,0,0,6.0,0,0,0,0,0,0,0
21029,2021,Hamburg,HH_grenze,1,privat,7.0,62.14,73.42,6.453903,0,0,1,0,1,0,7.0,0,0,0,0,0,1,0
21029,2022,Hamburg,HH_grenze,1,privat,11.0,87.13,96.41,6.453903,0,0,1,1,1,1,11.0,0,0,0,0,0,0,1
21031,2015,Hamburg,HH_grenze,1,privat,2.0,16.18,16.18,5.545359,0,0,0,0,0,0,2.0,1,0,0,0,0,0,0
21031,2016,Hamburg,HH_grenze,1,privat,2.0,11.61,11.89,5.545359,0,0,0,0,0,0,2.0,0,1,0,0,0,0,0
21031,2017,Hamburg,HH_grenze,1,privat,1.0,5.5,5.7,5.545359,0,0,0,0,0,0,1.0,0,0,1,0,0,0,0
21031,2018,Hamburg,HH_grenze,1,privat,0.0,0.0,0.0,5.545359,0,0,0,0,0,0,0.0,0,0,0,1,0,0,0
21031,2019,Hamburg,HH_grenze,1,privat,3.0,35.32,39.9,5.545359,0,0,0,0,0,0,3.0,0,0,0,0,1,0,0
21031,2020,Hamburg,HH_grenze,1,privat,6.0,41.94,45.370000000000005,5.545359,0,0,0,0,0,0,6.0,0,0,0,0,0,0,0
21031,2021,Hamburg,HH_grenze,1,privat,6.0,58.59,64.86,5.545359,0,0,1,0,1,0,6.0,0,0,0,0,0,1,0
21031,2022,Hamburg,HH_grenze,1,privat,15.0,132.16,148.57,5.545359,0,0,1,1,1,1,15.0,0,0,0,0,0,0,1
21037,2015,Hamburg,HH_grenze,1,privat,5.0,30.67,32.47,74.305658,0,0,0,0,0,0,5.0,1,0,0,0,0,0,0
21037,2016,Hamburg,HH_grenze,1,privat,11.0,64.125,71.745,74.305658,0,0,0,0,0,0,11.0,0,1,0,0,0,0,0
21037,2017,Hamburg,HH_grenze,1,privat,5.0,26.700000000000003,28.09,74.305658,0,0,0,0,0,0,5.0,0,0,1,0,0,0,0
21037,2018,Hamburg,HH_grenze,1,privat,6.0,33.36,35.879999999999995,74.305658,0,0,0,0,0,0,6.0,0,0,0,1,0,0,0
21037,2019,Hamburg,HH_grenze,1,privat,6.0,36.75,40.73,74.305658,0,0,0,0,0,0,6.0,0,0,0,0,1,0,0
21037,2020,Hamburg,HH_grenze,1,privat,30.0,246.73,272.98,74.305658,0,0,0,0,0,0,30.0,0,0,0,0,0,0,0
21037,2021,Hamburg,HH_grenze,1,privat,28.0,260.135,287.395,74.305658,0,0,1,0,1,0,28.0,0,0,0,0,0,1,0
21037,2022,Hamburg,HH_grenze,1,privat,69.0,600.8050000000001,656.275,74.305658,0,0,1,1,1,1,69.0,0,0,0,0,0,0,1
21075,2015,Hamburg,HH_grenze,1,privat,1.0,2.01,2.01,8.300639,0,0,0,0,0,0,1.0,1,0,0,0,0,0,0
21075,2016,Hamburg,HH_grenze,1,privat,0.0,0.0,0.0,8.300639,0,0,0,0,0,0,0.0,0,1,0,0,0,0,0
21075,2017,Hamburg,HH_grenze,1,privat,1.0,2.0,2.0,8.300639,0,0,0,0,0,0,1.0,0,0,1,0,0,0,0
21075,2018,Hamburg,HH_grenze,1,privat,1.0,7.8,7.8,8.300639,0,0,0,0,0,0,1.0,0,0,0,1,0,0,0
21075,2019,Hamburg,HH_grenze,1,privat,3.0,14.43,16.165,8.300639,0,0,0,0,0,0,3.0,0,0,0,0,1,0,0
21075,2020,Hamburg,HH_grenze,1,privat,1.0,6.6,6.6,8.300639,0,0,0,0,0,0,1.0,0,0,0,0,0,0,0
21075,2021,Hamburg,HH_grenze,1,privat,6.0,39.11,41.9,8.300639,0,0,1,0,1,0,6.0,0,0,0,0,0,1,0
21075,2022,Hamburg,HH_grenze,1,privat,6.0,38.5,46.49,8.300639,0,0,1,1,1,1,6.0,0,0,0,0,0,0,1
21077,2015,Hamburg,HH_grenze,1,privat,4.0,37.52,41.253,14.976563,0,0,0,0,0,0,4.0,1,0,0,0,0,0,0
21077,2016,Hamburg,HH_grenze,1,privat,5.0,20.995,21.435,14.976563,0,0,0,0,0,0,5.0,0,1,0,0,0,0,0
21077,2017,Hamburg,HH_grenze,1,privat,4.0,15.2,15.24,14.976563,0,0,0,0,0,0,4.0,0,0,1,0,0,0,0
21077,2018,Hamburg,HH_grenze,1,privat,2.0,8.5,9.88,14.976563,0,0,0,0,0,0,2.0,0,0,0,1,0,0,0
21077,2019,Hamburg,HH_grenze,1,privat,7.0,51.88,56.73,14.976563,0,0,0,0,0,0,7.0,0,0,0,0,1,0,0
21077,2020,Hamburg,HH_grenze,1,privat,14.0,87.645,93.88,14.976563,0,0,0,0,0,0,14.0,0,0,0,0,0,0,0
21077,2021,Hamburg,HH_grenze,1,privat,17.0,132.81799999999998,150.875,14.976563,0,0,1,0,1,0,17.0,0,0,0,0,0,1,0
21077,2022,Hamburg,HH_grenze,1,privat,23.0,155.845,173.865,14.976563,0,0,1,1,1,1,23.0,0,0,0,0,0,0,1
21079,2015,Hamburg,HH_grenze,1,privat,1.0,2.8,3.35,32.119669,0,0,0,0,0,0,1.0,1,0,0,0,0,0,0
21079,2016,Hamburg,HH_grenze,1,privat,3.0,94.0,105.83,32.119669,0,0,0,0,0,0,3.0,0,1,0,0,0,0,0
21079,2017,Hamburg,HH_grenze,1,privat,2.0,13.1,14.935,32.119669,0,0,0,0,0,0,2.0,0,0,1,0,0,0,0
21079,2018,Hamburg,HH_grenze,1,privat,3.0,10.989999999999998,11.19,32.119669,0,0,0,0,0,0,3.0,0,0,0,1,0,0,0
21079,2019,Hamburg,HH_grenze,1,privat,6.0,29.94,30.875,32.119669,0,0,0,0,0,0,6.0,0,0,0,0,1,0,0
21079,2020,Hamburg,HH_grenze,1,privat,7.0,33.31,37.72,32.119669,0,0,0,0,0,0,7.0,0,0,0,0,0,0,0
21079,2021,Hamburg,HH_grenze,1,privat,14.0,89.33999999999999,102.57,32.119669,0,0,1,0,1,0,14.0,0,0,0,0,0,1,0
21079,2022,Hamburg,HH_grenze,1,privat,23.0,167.93,186.34,32.119669,0,0,1,1,1,1,23.0,0,0,0,0,0,0,1
21109,2015,Hamburg,HH_grenze,1,privat,0.0,0.0,0.0,19.357166,0,0,0,0,0,0,0.0,1,0,0,0,0,0,0
21109,2016,Hamburg,HH_grenze,1,privat,2.0,6.21,8.129999999999999,19.357166,0,0,0,0,0,0,2.0,0,1,0,0,0,0,0
21109,2017,Hamburg,HH_grenze,1,privat,4.0,23.0,24.2,19.357166,0,0,0,0,0,0,4.0,0,0,1,0,0,0,0
21109,2018,Hamburg,HH_grenze,1,privat,2.0,9.01,9.3,19.357166,0,0,0,0,0,0,2.0,0,0,0,1,0,0,0
21109,2019,Hamburg,HH_grenze,1,privat,4.0,16.560000000000002,18.17,19.357166,0,0,0,0,0,0,4.0,0,0,0,0,1,0,0
21109,2020,Hamburg,HH_grenze,1,privat,2.0,14.1,14.84,19.357166,0,0,0,0,0,0,2.0,0,0,0,0,0,0,0
21109,2021,Hamburg,HH_grenze,1,privat,14.0,101.57,115.36,19.357166,0,0,1,0,1,0,14.0,0,0,0,0,0,1,0
21109,2022,Hamburg,HH_grenze,1,privat,23.0,175.935,191.89,19.357166,0,0,1,1,1,1,23.0,0,0,0,0,0,0,1
21129,2015,Hamburg,HH_grenze,1,privat,7.0,35.38,38.195,61.915526,0,0,0,0,0,0,7.0,1,0,0,0,0,0,0
21129,2016,Hamburg,HH_grenze,1,privat,0.0,0.0,0.0,61.915526,0,0,0,0,0,0,0.0,0,1,0,0,0,0,0
21129,2017,Hamburg,HH_grenze,1,privat,0.0,0.0,0.0,61.915526,0,0,0,0,0,0,0.0,0,0,1,0,0,0,0
21129,2018,Hamburg,HH_grenze,1,privat,3.0,51.0,55.900000000000006,61.915526,0,0,0,0,0,0,3.0,0,0,0,1,0,0,0
21129,2019,Hamburg,HH_grenze,1,privat,4.0,19.24,22.03,61.915526,0,0,0,0,0,0,4.0,0,0,0,0,1,0,0
21129,2020,Hamburg,HH_grenze,1,privat,9.0,105.63,111.9,61.915526,0,0,0,0,0,0,9.0,0,0,0,0,0,0,0
21129,2021,Hamburg,HH_grenze,1,privat,12.0,173.065,189.735,61.915526,0,0,1,0,1,0,12.0,0,0,0,0,0,1,0
21129,2022,Hamburg,HH_grenze,1,privat,22.0,786.9,857.39,61.915526,0,0,1,1,1,1,22.0,0,0,0,0,0,0,1
21147,2015,Hamburg,HH_grenze,1,privat,4.0,13.5,13.66,15.482834,0,0,0,0,0,0,4.0,1,0,0,0,0,0,0
21147,2016,Hamburg,HH_grenze,1,privat,10.0,60.585,64.73,15.482834,0,0,0,0,0,0,10.0,0,1,0,0,0,0,0
21147,2017,Hamburg,HH_grenze,1,privat,23.0,139.06,156.86,15.482834,0,0,0,0,0,0,23.0,0,0,1,0,0,0,0
21147,2018,Hamburg,HH_grenze,1,privat,12.0,74.94,93.615,15.482834,0,0,0,0,0,0,12.0,0,0,0,1,0,0,0
21147,2019,Hamburg,HH_grenze,1,privat,3.0,13.0,17.935,15.482834,0,0,0,0,0,0,3.0,0,0,0,0,1,0,0
21147,2020,Hamburg,HH_grenze,1,privat,14.0,67.91,76.985,15.482834,0,0,0,0,0,0,14.0,0,0,0,0,0,0,0
21147,2021,Hamburg,HH_grenze,1,privat,17.0,114.11,123.045,15.482834,0,0,1,0,1,0,17.0,0,0,0,0,0,1,0
21147,2022,Hamburg,HH_grenze,1,privat,17.0,134.75,144.855,15.482834,0,0,1,1,1,1,17.0,0,0,0,0,0,0,1
21149,2015,Hamburg,HH_grenze,1,privat,2.0,10.27,11.27,18.231435,0,0,0,0,0,0,2.0,1,0,0,0,0,0,0
21149,2016,Hamburg,HH_grenze,1,privat,1.0,9.72,9.72,18.231435,0,0,0,0,0,0,1.0,0,1,0,0,0,0,0
21149,2017,Hamburg,HH_grenze,1,privat,19.0,84.77,89.21000000000001,18.231435,0,0,0,0,0,0,19.0,0,0,1,0,0,0,0
21149,2018,Hamburg,HH_grenze,1,privat,9.0,39.909000000000006,40.755,18.231435,0,0,0,0,0,0,9.0,0,0,0,1,0,0,0
21149,2019,Hamburg,HH_grenze,1,privat,12.0,62.63,67.59,18.231435,0,0,0,0,0,0,12.0,0,0,0,0,1,0,0
21149,2020,Hamburg,HH_grenze,1,privat,14.0,82.07,90.14,18.231435,0,0,0,0,0,0,14.0,0,0,0,0,0,0,0
21149,2021,Hamburg,HH_grenze,1,privat,26.0,239.93,249.695,18.231435,0,0,1,0,1,0,26.0,0,0,0,0,0,1,0
21149,2022,Hamburg,HH_grenze,1,privat,39.0,285.63,333.025,18.231435,0,0,1,1,1,1,39.0,0,0,0,0,0,0,1
21217,2015,Niedersachsen,NI_grenze,0,privat,2.0,4.98,5.029999999999999,34.204145,0,0,0,0,0,0,2.0,0,0,0,0,0,0,0
21217,2016,Niedersachsen,NI_grenze,0,privat,4.0,21.51,21.79,34.204145,0,0,0,0,0,0,4.0,0,0,0,0,0,0,0
21217,2017,Niedersachsen,NI_grenze,0,privat,8.0,43.61,53.33,34.204145,0,0,0,0,0,0,8.0,0,0,0,0,0,0,0
21217,2018,Niedersachsen,NI_grenze,0,privat,1.0,9.6,9.6,34.204145,0,0,0,0,0,0,1.0,0,0,0,0,0,0,0
21217,2019,Niedersachsen,NI_grenze,0,privat,3.0,17.6,24.89,34.204145,0,0,0,0,0,0,3.0,0,0,0,0,0,0,0
21217,2020,Niedersachsen,NI_grenze,0,privat,9.0,64.16,67.43,34.204145,0,0,0,0,0,0,9.0,0,0,0,0,0,0,0
21217,2021,Niedersachsen,NI_grenze,0,privat,23.0,155.1,176.57,34.204145,0,0,1,0,0,0,23.0,0,0,0,0,0,0,0
21217,2022,Niedersachsen,NI_grenze,0,privat,34.0,294.78,333.0,34.204145,0,0,1,1,0,0,34.0,0,0,0,0,0,0,0
21218,2015,Niedersachsen,NI_grenze,0,privat,1.0,4.5,5.1,29.568672,0,0,0,0,0,0,1.0,0,0,0,0,0,0,0
21218,2016,Niedersachsen,NI_grenze,0,privat,1.0,29.835,29.835,29.568672,0,0,0,0,0,0,1.0,0,0,0,0,0,0,0
21218,2017,Niedersachsen,NI_grenze,0,privat,3.0,14.34,18.355,29.568672,0,0,0,0,0,0,3.0,0,0,0,0,0,0,0
21218,2018,Niedersachsen,NI_grenze,0,privat,7.0,42.06,42.79,29.568672,0,0,0,0,0,0,7.0,0,0,0,0,0,0,0
21218,2019,Niedersachsen,NI_grenze,0,privat,5.0,42.18000000000001,43.0,29.568672,0,0,0,0,0,0,5.0,0,0,0,0,0,0,0
21218,2020,Niedersachsen,NI_grenze,0,privat,19.0,164.72,194.33,29.568672,0,0,0,0,0,0,19.0,0,0,0,0,0,0,0
21218,2021,Niedersachsen,NI_grenze,0,privat,16.0,145.95999999999998,183.385,29.568672,0,0,1,0,0,0,16.0,0,0,0,0,0,0,0
21218,2022,Niedersachsen,NI_grenze,0,privat,33.0,273.011,301.89,29.568672,0,0,1,1,0,0,33.0,0,0,0,0,0,0,0
21224,2015,Niedersachsen,NI_grenze,0,privat,3.0,24.5,30.0,63.734589,0,0,0,0,0,0,3.0,0,0,0,0,0,0,0
21224,2016,Niedersachsen,NI_grenze,0,privat,6.0,35.29,36.73,63.734589,0,0,0,0,0,0,6.0,0,0,0,0,0,0,0
21224,2017,Niedersachsen,NI_grenze,0,privat,10.0,52.92,58.91,63.734589,0,0,0,0,0,0,10.0,0,0,0,0,0,0,0
21224,2018,Niedersachsen,NI_grenze,0,privat,7.0,35.66,37.4,63.734589,0,0,0,0,0,0,7.0,0,0,0,0,0,0,0
21224,2019,Niedersachsen,NI_grenze,0,privat,12.0,89.191,97.181,63.734589,0,0,0,0,0,0,12.0,0,0,0,0,0,0,0
21224,2020,Niedersachsen,NI_grenze,0,privat,28.0,242.105,271.925,63.734589,0,0,0,0,0,0,28.0,0,0,0,0,0,0,0
21224,2021,Niedersachsen,NI_grenze,0,privat,41.0,337.09000000000003,374.415,63.734589,0,0,1,0,0,0,41.0,0,0,0,0,0,0,0
21224,2022,Niedersachsen,NI_grenze,0,privat,47.0,349.665,390.18,63.734589,0,0,1,1,0,0,47.0,0,0,0,0,0,0,0
21423,2015,Niedersachsen,NI_grenze,0,privat,13.0,81.95,86.075,140.348967,0,0,0,0,0,0,13.0,0,0,0,0,0,0,0
21423,2016,Niedersachsen,NI_grenze,0,privat,23.0,182.07,185.38,140.348967,0,0,0,0,0,0,23.0,0,0,0,0,0,0,0
21423,2017,Niedersachsen,NI_grenze,0,privat,20.0,88.815,92.545,140.348967,0,0,0,0,0,0,20.0,0,0,0,0,0,0,0
21423,2018,Niedersachsen,NI_grenze,0,privat,11.0,69.425,73.305,140.348967,0,0,0,0,0,0,11.0,0,0,0,0,0,0,0
21423,2019,Niedersachsen,NI_grenze,0,privat,43.0,563.123,596.955,140.348967,0,0,0,0,0,0,43.0,0,0,0,0,0,0,0
21423,2020,Niedersachsen,NI_grenze,0,privat,71.0,521.935,562.015,140.348967,0,0,0,0,0,0,71.0,0,0,0,0,0,0,0
21423,2021,Niedersachsen,NI_grenze,0,privat,108.0,902.692,975.94,140.348967,0,0,1,0,0,0,108.0,0,0,0,0,0,0,0
21423,2022,Niedersachsen,NI_grenze,0,privat,97.0,680.1850000000001,768.07,140.348967,0,0,1,1,0,0,97.0,0,0,0,0,0,0,0
21435,2015,Niedersachsen,NI_grenze,0,privat,7.0,41.955,45.73,38.661664,0,0,0,0,0,0,7.0,0,0,0,0,0,0,0
21435,2016,Niedersachsen,NI_grenze,0,privat,1.0,2.01,2.01,38.661664,0,0,0,0,0,0,1.0,0,0,0,0,0,0,0
21435,2017,Niedersachsen,NI_grenze,0,privat,4.0,37.2,42.09,38.661664,0,0,0,0,0,0,4.0,0,0,0,0,0,0,0
21435,2018,Niedersachsen,NI_grenze,0,privat,4.0,22.58,25.85,38.661664,0,0,0,0,0,0,4.0,0,0,0,0,0,0,0
21435,2019,Niedersachsen,NI_grenze,0,privat,6.0,31.92,34.835,38.661664,0,0,0,0,0,0,6.0,0,0,0,0,0,0,0
21435,2020,Niedersachsen,NI_grenze,0,privat,9.0,72.75999999999999,76.72,38.661664,0,0,0,0,0,0,9.0,0,0,0,0,0,0,0
21435,2021,Niedersachsen,NI_grenze,0,privat,30.0,231.28,240.61,38.661664,0,0,1,0,0,0,30.0,0,0,0,0,0,0,0
21435,2022,Niedersachsen,NI_grenze,0,privat,45.0,378.145,417.35,38.661664,0,0,1,1,0,0,45.0,0,0,0,0,0,0,0
21465,2015,Schleswig-Holstein,SH_grenze,0,privat,8.0,34.69,41.3,38.139721,0,0,0,0,0,0,8.0,0,0,0,0,0,0,0
21465,2016,Schleswig-Holstein,SH_grenze,0,privat,15.0,55.69,59.025,38.139721,0,0,0,0,0,0,15.0,0,0,0,0,0,0,0
21465,2017,Schleswig-Holstein,SH_grenze,0,privat,14.0,66.24,70.57,38.139721,0,0,0,0,0,0,14.0,0,0,0,0,0,0,0
21465,2018,Schleswig-Holstein,SH_grenze,0,privat,19.0,301.49,344.02,38.139721,0,0,0,0,0,0,19.0,0,0,0,0,0,0,0
21465,2019,Schleswig-Holstein,SH_grenze,0,privat,25.0,171.895,183.925,38.139721,0,0,0,0,0,0,25.0,0,0,0,0,0,0,0
21465,2020,Schleswig-Holstein,SH_grenze,0,privat,48.0,338.57,382.765,38.139721,0,0,0,0,0,0,48.0,0,0,0,0,0,0,0
21465,2021,Schleswig-Holstein,SH_grenze,0,privat,68.0,512.285,572.64,38.139721,0,0,1,0,0,0,68.0,0,0,0,0,0,0,0
21465,2022,Schleswig-Holstein,SH_grenze,0,privat,78.0,781.075,872.77,38.139721,0,0,1,1,0,0,78.0,0,0,0,0,0,0,0
21502,2015,Schleswig-Holstein,SH_grenze,0,privat,5.0,28.31,31.72,51.054466,0,0,0,0,0,0,5.0,0,0,0,0,0,0,0
21502,2016,Schleswig-Holstein,SH_grenze,0,privat,2.0,7.0,7.96,51.054466,0,0,0,0,0,0,2.0,0,0,0,0,0,0,0
21502,2017,Schleswig-Holstein,SH_grenze,0,privat,9.0,46.545,49.065,51.054466,0,0,0,0,0,0,9.0,0,0,0,0,0,0,0
21502,2018,Schleswig-Holstein,SH_grenze,0,privat,8.0,49.885,80.495,51.054466,0,0,0,0,0,0,8.0,0,0,0,0,0,0,0
21502,2019,Schleswig-Holstein,SH_grenze,0,privat,9.0,61.15,69.85,51.054466,0,0,0,0,0,0,9.0,0,0,0,0,0,0,0
21502,2020,Schleswig-Holstein,SH_grenze,0,privat,18.0,133.12,148.34,51.054466,0,0,0,0,0,0,18.0,0,0,0,0,0,0,0
21502,2021,Schleswig-Holstein,SH_grenze,0,privat,33.0,268.39,317.22,51.054466,0,0,1,0,0,0,33.0,0,0,0,0,0,0,0
21502,2022,Schleswig-Holstein,SH_grenze,0,privat,61.0,528.4,598.61,51.054466,0,0,1,1,0,0,61.0,0,0,0,0,0,0,0
21629,2015,Niedersachsen,NI_grenze,0,privat,5.0,25.85,32.160000000000004,56.446106,0,0,0,0,0,0,5.0,0,0,0,0,0,0,0
21629,2016,Niedersachsen,NI_grenze,0,privat,4.0,25.4,28.4,56.446106,0,0,0,0,0,0,4.0,0,0,0,0,0,0,0
21629,2017,Niedersachsen,NI_grenze,0,privat,6.0,28.97,30.18,56.446106,0,0,0,0,0,0,6.0,0,0,0,0,0,0,0
21629,2018,Niedersachsen,NI_grenze,0,privat,15.0,92.21,101.83,56.446106,0,0,0,0,0,0,15.0,0,0,0,0,0,0,0
21629,2019,Niedersachsen,NI_grenze,0,privat,11.0,82.045,91.535,56.446106,0,0,0,0,0,0,11.0,0,0,0,0,0,0,0
21629,2020,Niedersachsen,NI_grenze,0,privat,27.0,197.545,218.4,56.446106,0,0,0,0,0,0,27.0,0,0,0,0,0,0,0
21629,2021,Niedersachsen,NI_grenze,0,privat,26.0,181.188,208.355,56.446106,0,0,1,0,0,0,26.0,0,0,0,0,0,0,0
21629,2022,Niedersachsen,NI_grenze,0,privat,52.0,391.04,426.31,56.446106,0,0,1,1,0,0,52.0,0,0,0,0,0,0,0
21635,2015,Niedersachsen,NI_grenze,0,privat,3.0,41.055,41.055,62.35205,0,0,0,0,0,0,3.0,0,0,0,0,0,0,0
21635,2016,Niedersachsen,NI_grenze,0,privat,2.0,12.0,12.56,62.35205,0,0,0,0,0,0,2.0,0,0,0,0,0,0,0
21635,2017,Niedersachsen,NI_grenze,0,privat,9.0,187.86,191.875,62.35205,0,0,0,0,0,0,9.0,0,0,0,0,0,0,0
21635,2018,Niedersachsen,NI_grenze,0,privat,11.0,101.72,179.56,62.35205,0,0,0,0,0,0,11.0,0,0,0,0,0,0,0
21635,2019,Niedersachsen,NI_grenze,0,privat,11.0,154.05,173.72,62.35205,0,0,0,0,0,0,11.0,0,0,0,0,0,0,0
21635,2020,Niedersachsen,NI_grenze,0,privat,19.0,439.71,458.37,62.35205,0,0,0,0,0,0,19.0,0,0,0,0,0,0,0
21635,2021,Niedersachsen,NI_grenze,0,privat,32.0,648.04,680.525,62.35205,0,0,1,0,0,0,32.0,0,0,0,0,0,0,0
21635,2022,Niedersachsen,NI_grenze,0,privat,45.0,494.115,556.34,62.35205,0,0,1,1,0,0,45.0,0,0,0,0,0,0,0
22043,2015,Hamburg,HH_grenze,1,privat,0.0,0.0,0.0,5.421969,0,0,0,0,0,0,0.0,1,0,0,0,0,0,0
22043,2016,Hamburg,HH_grenze,1,privat,2.0,4.69,4.69,5.421969,0,0,0,0,0,0,2.0,0,1,0,0,0,0,0
22043,2017,Hamburg,HH_grenze,1,privat,2.0,15.0,15.965,5.421969,0,0,0,0,0,0,2.0,0,0,1,0,0,0,0
22043,2018,Hamburg,HH_grenze,1,privat,1.0,6.96,6.96,5.421969,0,0,0,0,0,0,1.0,0,0,0,1,0,0,0
22043,2019,Hamburg,HH_grenze,1,privat,1.0,9.0,9.76,5.421969,0,0,0,0,0,0,1.0,0,0,0,0,1,0,0
22043,2020,Hamburg,HH_grenze,1,privat,10.0,61.39,66.49,5.421969,0,0,0,0,0,0,10.0,0,0,0,0,0,0,0
22043,2021,Hamburg,HH_grenze,1,privat,11.0,76.905,84.765,5.421969,0,0,1,0,1,0,11.0,0,0,0,0,0,1,0
22043,2022,Hamburg,HH_grenze,1,privat,18.0,112.71,121.83,5.421969,0,0,1,1,1,1,18.0,0,0,0,0,0,0,1
22045,2015,Hamburg,HH_grenze,1,privat,1.0,8.0,8.4,5.321459,0,0,0,0,0,0,1.0,1,0,0,0,0,0,0
22045,2016,Hamburg,HH_grenze,1,privat,2.0,7.57,8.05,5.321459,0,0,0,0,0,0,2.0,0,1,0,0,0,0,0
22045,2017,Hamburg,HH_grenze,1,privat,2.0,73.22,73.22,5.321459,0,0,0,0,0,0,2.0,0,0,1,0,0,0,0
22045,2018,Hamburg,HH_grenze,1,privat,1.0,4.48,4.48,5.321459,0,0,0,0,0,0,1.0,0,0,0,1,0,0,0
22045,2019,Hamburg,HH_grenze,1,privat,3.0,9.93,10.41,5.321459,0,0,0,0,0,0,3.0,0,0,0,0,1,0,0
22045,2020,Hamburg,HH_grenze,1,privat,5.0,23.785,26.515,5.321459,0,0,0,0,0,0,5.0,0,0,0,0,0,0,0
22045,2021,Hamburg,HH_grenze,1,privat,2.0,12.6,15.83,5.321459,0,0,1,0,1,0,2.0,0,0,0,0,0,1,0
22045,2022,Hamburg,HH_grenze,1,privat,11.0,88.6,99.575,5.321459,0,0,1,1,1,1,11.0,0,0,0,0,0,0,1
22115,2015,Hamburg,HH_grenze,1,privat,0.0,0.0,0.0,3.518433,0,0,0,0,0,0,0.0,1,0,0,0,0,0,0
22115,2016,Hamburg,HH_grenze,1,privat,0.0,0.0,0.0,3.518433,0,0,0,0,0,0,0.0,0,1,0,0,0,0,0
22115,2017,Hamburg,HH_grenze,1,privat,0.0,0.0,0.0,3.518433,0,0,0,0,0,0,0.0,0,0,1,0,0,0,0
22115,2018,Hamburg,HH_grenze,1,privat,0.0,0.0,0.0,3.518433,0,0,0,0,0,0,0.0,0,0,0,1,0,0,0
22115,2019,Hamburg,HH_grenze,1,privat,0.0,0.0,0.0,3.518433,0,0,0,0,0,0,0.0,0,0,0,0,1,0,0
22115,2020,Hamburg,HH_grenze,1,privat,3.0,29.4,31.79,3.518433,0,0,0,0,0,0,3.0,0,0,0,0,0,0,0
22115,2021,Hamburg,HH_grenze,1,privat,3.0,24.375,24.925,3.518433,0,0,1,0,1,0,3.0,0,0,0,0,0,1,0
22115,2022,Hamburg,HH_grenze,1,privat,3.0,19.03,21.73,3.518433,0,0,1,1,1,1,3.0,0,0,0,0,0,0,1
22117,2015,Hamburg,HH_grenze,1,privat,0.0,0.0,0.0,7.915293,0,0,0,0,0,0,0.0,1,0,0,0,0,0,0
22117,2016,Hamburg,HH_grenze,1,privat,2.0,11.73,11.73,7.915293,0,0,0,0,0,0,2.0,0,1,0,0,0,0,0
22117,2017,Hamburg,HH_grenze,1,privat,1.0,4.48,4.48,7.915293,0,0,0,0,0,0,1.0,0,0,1,0,0,0,0
22117,2018,Hamburg,HH_grenze,1,privat,0.0,0.0,0.0,7.915293,0,0,0,0,0,0,0.0,0,0,0,1,0,0,0
22117,2019,Hamburg,HH_grenze,1,privat,2.0,5.92,7.37,7.915293,0,0,0,0,0,0,2.0,0,0,0,0,1,0,0
22117,2020,Hamburg,HH_grenze,1,privat,4.0,25.42,29.19,7.915293,0,0,0,0,0,0,4.0,0,0,0,0,0,0,0
22117,2021,Hamburg,HH_grenze,1,privat,5.0,34.69,36.71,7.915293,0,0,1,0,1,0,5.0,0,0,0,0,0,1,0
22117,2022,Hamburg,HH_grenze,1,privat,15.0,99.88,108.48,7.915293,0,0,1,1,1,1,15.0,0,0,0,0,0,0,1
22143,2015,Hamburg,HH_grenze,1,privat,0.0,0.0,0.0,6.12382,0,0,0,0,0,0,0.0,1,0,0,0,0,0,0
22143,2016,Hamburg,HH_grenze,1,privat,0.0,0.0,0.0,6.12382,0,0,0,0,0,0,0.0,0,1,0,0,0,0,0
22143,2017,Hamburg,HH_grenze,1,privat,3.0,10.38,11.0,6.12382,0,0,0,0,0,0,3.0,0,0,1,0,0,0,0
22143,2018,Hamburg,HH_grenze,1,privat,6.0,33.022,35.59,6.12382,0,0,0,0,0,0,6.0,0,0,0,1,0,0,0
22143,2019,Hamburg,HH_grenze,1,privat,4.0,33.92,36.85,6.12382,0,0,0,0,0,0,4.0,0,0,0,0,1,0,0
22143,2020,Hamburg,HH_grenze,1,privat,7.0,49.535,53.105,6.12382,0,0,0,0,0,0,7.0,0,0,0,0,0,0,0
22143,2021,Hamburg,HH_grenze,1,privat,5.0,39.86000000000001,39.99,6.12382,0,0,1,0,1,0,5.0,0,0,0,0,0,1,0
22143,2022,Hamburg,HH_grenze,1,privat,7.0,67.94,71.62,6.12382,0,0,1,1,1,1,7.0,0,0,0,0,0,0,1
22149,2015,Hamburg,HH_grenze,1,privat,2.0,2.66,3.8,6.400518,0,0,0,0,0,0,2.0,1,0,0,0,0,0,0
22149,2016,Hamburg,HH_grenze,1,privat,1.0,2.01,2.01,6.400518,0,0,0,0,0,0,1.0,0,1,0,0,0,0,0
22149,2017,Hamburg,HH_grenze,1,privat,5.0,32.375,33.985,6.400518,0,0,0,0,0,0,5.0,0,0,1,0,0,0,0
22149,2018,Hamburg,HH_grenze,1,privat,3.0,11.28,11.760000000000002,6.400518,0,0,0,0,0,0,3.0,0,0,0,1,0,0,0
22149,2019,Hamburg,HH_grenze,1,privat,4.0,27.45,33.71,6.400518,0,0,0,0,0,0,4.0,0,0,0,0,1,0,0
22149,2020,Hamburg,HH_grenze,1,privat,7.0,32.44,38.4,6.400518,0,0,0,0,0,0,7.0,0,0,0,0,0,0,0
22149,2021,Hamburg,HH_grenze,1,privat,6.0,48.3,55.56,6.400518,0,0,1,0,1,0,6.0,0,0,0,0,0,1,0
22149,2022,Hamburg,HH_grenze,1,privat,14.0,104.86,114.36,6.400518,0,0,1,1,1,1,14.0,0,0,0,0,0,0,1
22359,2015,Hamburg,HH_grenze,1,privat,4.0,19.58,22.105,12.565129,0,0,0,0,0,0,4.0,1,0,0,0,0,0,0
22359,2016,Hamburg,HH_grenze,1,privat,4.0,22.045,22.82,12.565129,0,0,0,0,0,0,4.0,0,1,0,0,0,0,0
22359,2017,Hamburg,HH_grenze,1,privat,6.0,24.21,24.21,12.565129,0,0,0,0,0,0,6.0,0,0,1,0,0,0,0
22359,2018,Hamburg,HH_grenze,1,privat,8.0,36.35,38.66,12.565129,0,0,0,0,0,0,8.0,0,0,0,1,0,0,0
22359,2019,Hamburg,HH_grenze,1,privat,17.0,103.4,117.505,12.565129,0,0,0,0,0,0,17.0,0,0,0,0,1,0,0
22359,2020,Hamburg,HH_grenze,1,privat,18.0,109.655,118.22,12.565129,0,0,0,0,0,0,18.0,0,0,0,0,0,0,0
22359,2021,Hamburg,HH_grenze,1,privat,21.0,165.67000000000002,180.355,12.565129,0,0,1,0,1,0,21.0,0,0,0,0,0,1,0
22359,2022,Hamburg,HH_grenze,1,privat,46.0,318.591,376.755,12.565129,0,0,1,1,1,1,46.0,0,0,0,0,0,0,1
22395,2015,Hamburg,HH_grenze,1,privat,3.0,12.21,12.21,8.237296,0,0,0,0,0,0,3.0,1,0,0,0,0,0,0
22395,2016,Hamburg,HH_grenze,1,privat,5.0,15.63,17.1,8.237296,0,0,0,0,0,0,5.0,0,1,0,0,0,0,0
22395,2017,Hamburg,HH_grenze,1,privat,5.0,17.82,18.17,8.237296,0,0,0,0,0,0,5.0,0,0,1,0,0,0,0
22395,2018,Hamburg,HH_grenze,1,privat,2.0,11.48,12.67,8.237296,0,0,0,0,0,0,2.0,0,0,0,1,0,0,0
22395,2019,Hamburg,HH_grenze,1,privat,8.0,43.17,49.725,8.237296,0,0,0,0,0,0,8.0,0,0,0,0,1,0,0
22395,2020,Hamburg,HH_grenze,1,privat,21.0,144.55,160.775,8.237296,0,0,0,0,0,0,21.0,0,0,0,0,0,0,0
22395,2021,Hamburg,HH_grenze,1,privat,28.0,209.715,235.64,8.237296,0,0,1,0,1,0,28.0,0,0,0,0,0,1,0
22395,2022,Hamburg,HH_grenze,1,privat,35.0,244.044,264.039,8.237296,0,0,1,1,1,1,35.0,0,0,0,0,0,0,1
22397,2015,Hamburg,HH_grenze,1,privat,4.0,18.11,20.0,31.971414,0,0,0,0,0,0,4.0,1,0,0,0,0,0,0
22397,2016,Hamburg,HH_grenze,1,privat,10.0,41.635,42.845,31.971414,0,0,0,0,0,0,10.0,0,1,0,0,0,0,0
22397,2017,Hamburg,HH_grenze,1,privat,6.0,35.17,40.870000000000005,31.971414,0,0,0,0,0,0,6.0,0,0,1,0,0,0,0
22397,2018,Hamburg,HH_grenze,1,privat,12.0,69.66,78.78,31.971414,0,0,0,0,0,0,12.0,0,0,0,1,0,0,0
22397,2019,Hamburg,HH_grenze,1,privat,15.0,85.22999999999999,92.655,31.971414,0,0,0,0,0,0,15.0,0,0,0,0,1,0,0
22397,2020,Hamburg,HH_grenze,1,privat,46.0,260.575,281.085,31.971414,0,0,0,0,0,0,46.0,0,0,0,0,0,0,0
22397,2021,Hamburg,HH_grenze,1,privat,51.0,329.99,378.85,31.971414,0,0,1,0,1,0,51.0,0,0,0,0,0,1,0
22397,2022,Hamburg,HH_grenze,1,privat,60.0,604.634,687.25,31.971414,0,0,1,1,1,1,60.0,0,0,0,0,0,0,1
22399,2015,Hamburg,HH_grenze,1,privat,1.0,9.0,9.0,6.549773,0,0,0,0,0,0,1.0,1,0,0,0,0,0,0
22399,2016,Hamburg,HH_grenze,1,privat,4.0,11.24,11.51,6.549773,0,0,0,0,0,0,4.0,0,1,0,0,0,0,0
22399,2017,Hamburg,HH_grenze,1,privat,4.0,26.2,27.41,6.549773,0,0,0,0,0,0,4.0,0,0,1,0,0,0,0
22399,2018,Hamburg,HH_grenze,1,privat,8.0,32.17,35.17,6.549773,0,0,0,0,0,0,8.0,0,0,0,1,0,0,0
22399,2019,Hamburg,HH_grenze,1,privat,10.0,48.78,52.72,6.549773,0,0,0,0,0,0,10.0,0,0,0,0,1,0,0
22399,2020,Hamburg,HH_grenze,1,privat,8.0,46.24,48.11,6.549773,0,0,0,0,0,0,8.0,0,0,0,0,0,0,0
22399,2021,Hamburg,HH_grenze,1,privat,33.0,221.31,243.465,6.549773,0,0,1,0,1,0,33.0,0,0,0,0,0,1,0
22399,2022,Hamburg,HH_grenze,1,privat,42.0,316.96500000000003,350.095,6.549773,0,0,1,1,1,1,42.0,0,0,0,0,0,0,1
22415,2015,Hamburg,HH_grenze,1,privat,1.0,4.0,4.0,4.389974,0,0,0,0,0,0,1.0,1,0,0,0,0,0,0
22415,2016,Hamburg,HH_grenze,1,privat,2.0,5.6,8.45,4.389974,0,0,0,0,0,0,2.0,0,1,0,0,0,0,0
22415,2017,Hamburg,HH_grenze,1,privat,3.0,13.1,13.27,4.389974,0,0,0,0,0,0,3.0,0,0,1,0,0,0,0
22415,2018,Hamburg,HH_grenze,1,privat,5.0,30.65,34.315,4.389974,0,0,0,0,0,0,5.0,0,0,0,1,0,0,0
22415,2019,Hamburg,HH_grenze,1,privat,0.0,0.0,0.0,4.389974,0,0,0,0,0,0,0.0,0,0,0,0,1,0,0
22415,2020,Hamburg,HH_grenze,1,privat,3.0,15.1,16.04,4.389974,0,0,0,0,0,0,3.0,0,0,0,0,0,0,0
22415,2021,Hamburg,HH_grenze,1,privat,7.0,48.27,58.585,4.389974,0,0,1,0,1,0,7.0,0,0,0,0,0,1,0
22415,2022,Hamburg,HH_grenze,1,privat,11.0,75.57,80.035,4.389974,0,0,1,1,1,1,11.0,0,0,0,0,0,0,1
22417,2015,Hamburg,HH_grenze,1,privat,2.0,12.81,12.81,7.993768,0,0,0,0,0,0,2.0,1,0,0,0,0,0,0
22417,2016,Hamburg,HH_grenze,1,privat,1.0,5.0,5.4,7.993768,0,0,0,0,0,0,1.0,0,1,0,0,0,0,0
22417,2017,Hamburg,HH_grenze,1,privat,1.0,4.6,5.225,7.993768,0,0,0,0,0,0,1.0,0,0,1,0,0,0,0
22417,2018,Hamburg,HH_grenze,1,privat,0.0,0.0,0.0,7.993768,0,0,0,0,0,0,0.0,0,0,0,1,0,0,0
22417,2019,Hamburg,HH_grenze,1,privat,2.0,9.6,13.05,7.993768,0,0,0,0,0,0,2.0,0,0,0,0,1,0,0
22417,2020,Hamburg,HH_grenze,1,privat,9.0,43.445,55.305,7.993768,0,0,0,0,0,0,9.0,0,0,0,0,0,0,0
22417,2021,Hamburg,HH_grenze,1,privat,15.0,106.775,121.22,7.993768,0,0,1,0,1,0,15.0,0,0,0,0,0,1,0
22417,2022,Hamburg,HH_grenze,1,privat,16.0,140.92,151.5,7.993768,0,0,1,1,1,1,16.0,0,0,0,0,0,0,1
22419,2015,Hamburg,HH_grenze,1,privat,1.0,3.0,3.57,4.808175,0,0,0,0,0,0,1.0,1,0,0,0,0,0,0
22419,2016,Hamburg,HH_grenze,1,privat,3.0,9.63,10.67,4.808175,0,0,0,0,0,0,3.0,0,1,0,0,0,0,0
22419,2017,Hamburg,HH_grenze,1,privat,2.0,9.5,9.62,4.808175,0,0,0,0,0,0,2.0,0,0,1,0,0,0,0
22419,2018,Hamburg,HH_grenze,1,privat,1.0,6.5,6.5,4.808175,0,0,0,0,0,0,1.0,0,0,0,1,0,0,0
22419,2019,Hamburg,HH_grenze,1,privat,2.0,9.9,10.94,4.808175,0,0,0,0,0,0,2.0,0,0,0,0,1,0,0
22419,2020,Hamburg,HH_grenze,1,privat,4.0,38.365,39.64,4.808175,0,0,0,0,0,0,4.0,0,0,0,0,0,0,0
22419,2021,Hamburg,HH_grenze,1,privat,8.0,43.19,46.725,4.808175,0,0,1,0,1,0,8.0,0,0,0,0,0,1,0
22419,2022,Hamburg,HH_grenze,1,privat,5.0,36.04,37.85,4.808175,0,0,1,1,1,1,5.0,0,0,0,0,0,0,1
22455,2015,Hamburg,HH_grenze,1,privat,0.0,0.0,0.0,5.005616,0,0,0,0,0,0,0.0,1,0,0,0,0,0,0
22455,2016,Hamburg,HH_grenze,1,privat,1.0,2.01,2.01,5.005616,0,0,0,0,0,0,1.0,0,1,0,0,0,0,0
22455,2017,Hamburg,HH_grenze,1,privat,0.0,0.0,0.0,5.005616,0,0,0,0,0,0,0.0,0,0,1,0,0,0,0
22455,2018,Hamburg,HH_grenze,1,privat,2.0,11.31,11.31,5.005616,0,0,0,0,0,0,2.0,0,0,0,1,0,0,0
22455,2019,Hamburg,HH_grenze,1,privat,6.0,41.44,43.88,5.005616,0,0,0,0,0,0,6.0,0,0,0,0,1,0,0
22455,2020,Hamburg,HH_grenze,1,privat,15.0,112.6,127.36,5.005616,0,0,0,0,0,0,15.0,0,0,0,0,0,0,0
22455,2021,Hamburg,HH_grenze,1,privat,17.0,108.935,123.54,5.005616,0,0,1,0,1,0,17.0,0,0,0,0,0,1,0
22455,2022,Hamburg,HH_grenze,1,privat,25.0,148.095,170.25,5.005616,0,0,1,1,1,1,25.0,0,0,0,0,0,0,1
22457,2015,Hamburg,HH_grenze,1,privat,2.0,8.0,9.06,7.09,0,0,0,0,0,0,2.0,1,0,0,0,0,0,0
22457,2016,Hamburg,HH_grenze,1,privat,3.0,19.05,20.21,7.09,0,0,0,0,0,0,3.0,0,1,0,0,0,0,0
22457,2017,Hamburg,HH_grenze,1,privat,7.0,28.31,34.055,7.09,0,0,0,0,0,0,7.0,0,0,1,0,0,0,0
22457,2018,Hamburg,HH_grenze,1,privat,3.0,8.28,8.7,7.09,0,0,0,0,0,0,3.0,0,0,0,1,0,0,0
22457,2019,Hamburg,HH_grenze,1,privat,5.0,29.39,29.575,7.09,0,0,0,0,0,0,5.0,0,0,0,0,1,0,0
22457,2020,Hamburg,HH_grenze,1,privat,19.0,98.13,102.22,7.09,0,0,0,0,0,0,19.0,0,0,0,0,0,0,0
22457,2021,Hamburg,HH_grenze,1,privat,19.0,132.57999999999998,141.085,7.09,0,0,1,0,1,0,19.0,0,0,0,0,0,1,0
22457,2022,Hamburg,HH_grenze,1,privat,33.0,219.195,244.285,7.09,0,0,1,1,1,1,33.0,0,0,0,0,0,0,1
22523,2015,Hamburg,HH_grenze,1,privat,4.0,13.56,14.9,6.45387,0,0,0,0,0,0,4.0,1,0,0,0,0,0,0
22523,2016,Hamburg,HH_grenze,1,privat,5.0,28.01,32.315,6.45387,0,0,0,0,0,0,5.0,0,1,0,0,0,0,0
22523,2017,Hamburg,HH_grenze,1,privat,1.0,9.92,9.92,6.45387,0,0,0,0,0,0,1.0,0,0,1,0,0,0,0
22523,2018,Hamburg,HH_grenze,1,privat,3.0,24.0,25.7,6.45387,0,0,0,0,0,0,3.0,0,0,0,1,0,0,0
22523,2019,Hamburg,HH_grenze,1,privat,5.0,32.13,34.03,6.45387,0,0,0,0,0,0,5.0,0,0,0,0,1,0,0
22523,2020,Hamburg,HH_grenze,1,privat,7.0,46.27,49.21,6.45387,0,0,0,0,0,0,7.0,0,0,0,0,0,0,0
22523,2021,Hamburg,HH_grenze,1,privat,8.0,53.25,56.95,6.45387,0,0,1,0,1,0,8.0,0,0,0,0,0,1,0
22523,2022,Hamburg,HH_grenze,1,privat,19.0,115.088,134.66,6.45387,0,0,1,1,1,1,19.0,0,0,0,0,0,0,1
22547,2015,Hamburg,HH_grenze,1,privat,5.0,17.7,19.78,4.351458,0,0,0,0,0,0,5.0,1,0,0,0,0,0,0
22547,2016,Hamburg,HH_grenze,1,privat,2.0,8.86,9.16,4.351458,0,0,0,0,0,0,2.0,0,1,0,0,0,0,0
22547,2017,Hamburg,HH_grenze,1,privat,0.0,0.0,0.0,4.351458,0,0,0,0,0,0,0.0,0,0,1,0,0,0,0
22547,2018,Hamburg,HH_grenze,1,privat,3.0,22.0,22.955,4.351458,0,0,0,0,0,0,3.0,0,0,0,1,0,0,0
22547,2019,Hamburg,HH_grenze,1,privat,4.0,13.64,15.16,4.351458,0,0,0,0,0,0,4.0,0,0,0,0,1,0,0
22547,2020,Hamburg,HH_grenze,1,privat,5.0,20.7,25.685,4.351458,0,0,0,0,0,0,5.0,0,0,0,0,0,0,0
22547,2021,Hamburg,HH_grenze,1,privat,10.0,54.335,62.61,4.351458,0,0,1,0,1,0,10.0,0,0,0,0,0,1,0
22547,2022,Hamburg,HH_grenze,1,privat,12.0,77.03999999999999,85.30499999999999,4.351458,0,0,1,1,1,1,12.0,0,0,0,0,0,0,1
22549,2015,Hamburg,HH_grenze,1,privat,3.0,8.72,9.66,6.345808,0,0,0,0,0,0,3.0,1,0,0,0,0,0,0
22549,2016,Hamburg,HH_grenze,1,privat,7.0,31.63,33.02,6.345808,0,0,0,0,0,0,7.0,0,1,0,0,0,0,0
22549,2017,Hamburg,HH_grenze,1,privat,5.0,22.815,22.815,6.345808,0,0,0,0,0,0,5.0,0,0,1,0,0,0,0
22549,2018,Hamburg,HH_grenze,1,privat,9.0,41.505,44.025,6.345808,0,0,0,0,0,0,9.0,0,0,0,1,0,0,0
22549,2019,Hamburg,HH_grenze,1,privat,10.0,48.595,52.345,6.345808,0,0,0,0,0,0,10.0,0,0,0,0,1,0,0
22549,2020,Hamburg,HH_grenze,1,privat,7.0,47.31,49.44,6.345808,0,0,0,0,0,0,7.0,0,0,0,0,0,0,0
22549,2021,Hamburg,HH_grenze,1,privat,15.0,106.45,120.53,6.345808,0,0,1,0,1,0,15.0,0,0,0,0,0,1,0
22549,2022,Hamburg,HH_grenze,1,privat,22.0,151.131,177.79,6.345808,0,0,1,1,1,1,22.0,0,0,0,0,0,0,1
22559,2015,Hamburg,HH_grenze,1,privat,2.0,12.2,13.18,16.467148,0,0,0,0,0,0,2.0,1,0,0,0,0,0,0
22559,2016,Hamburg,HH_grenze,1,privat,2.0,7.01,7.21,16.467148,0,0,0,0,0,0,2.0,0,1,0,0,0,0,0
22559,2017,Hamburg,HH_grenze,1,privat,3.0,12.6,15.415,16.467148,0,0,0,0,0,0,3.0,0,0,1,0,0,0,0
22559,2018,Hamburg,HH_grenze,1,privat,4.0,18.02,19.22,16.467148,0,0,0,0,0,0,4.0,0,0,0,1,0,0,0
22559,2019,Hamburg,HH_grenze,1,privat,4.0,22.345,23.185,16.467148,0,0,0,0,0,0,4.0,0,0,0,0,1,0,0
22559,2020,Hamburg,HH_grenze,1,privat,7.0,43.38,49.81,16.467148,0,0,0,0,0,0,7.0,0,0,0,0,0,0,0
22559,2021,Hamburg,HH_grenze,1,privat,12.0,95.96,110.625,16.467148,0,0,1,0,1,0,12.0,0,0,0,0,0,1,0
22559,2022,Hamburg,HH_grenze,1,privat,22.0,186.09,204.7,16.467148,0,0,1,1,1,1,22.0,0,0,0,0,0,0,1
22587,2015,Hamburg,HH_grenze,1,privat,0.0,0.0,0.0,9.63902,0,0,0,0,0,0,0.0,1,0,0,0,0,0,0
22587,2016,Hamburg,HH_grenze,1,privat,2.0,5.69,5.91,9.63902,0,0,0,0,0,0,2.0,0,1,0,0,0,0,0
22587,2017,Hamburg,HH_grenze,1,privat,1.0,4.02,4.02,9.63902,0,0,0,0,0,0,1.0,0,0,1,0,0,0,0
22587,2018,Hamburg,HH_grenze,1,privat,1.0,4.55,4.55,9.63902,0,0,0,0,0,0,1.0,0,0,0,1,0,0,0
22587,2019,Hamburg,HH_grenze,1,privat,4.0,21.48,22.52,9.63902,0,0,0,0,0,0,4.0,0,0,0,0,1,0,0
22587,2020,Hamburg,HH_grenze,1,privat,4.0,20.21,20.855,9.63902,0,0,0,0,0,0,4.0,0,0,0,0,0,0,0
22587,2021,Hamburg,HH_grenze,1,privat,11.0,68.14500000000001,77.48,9.63902,0,0,1,0,1,0,11.0,0,0,0,0,0,1,0
22587,2022,Hamburg,HH_grenze,1,privat,12.0,78.33,86.586,9.63902,0,0,1,1,1,1,12.0,0,0,0,0,0,0,1
22589,2015,Hamburg,HH_grenze,1,privat,7.0,25.655,26.565,8.425326,0,0,0,0,0,0,7.0,1,0,0,0,0,0,0
22589,2016,Hamburg,HH_grenze,1,privat,2.0,9.185,9.185,8.425326,0,0,0,0,0,0,2.0,0,1,0,0,0,0,0
22589,2017,Hamburg,HH_grenze,1,privat,2.0,8.0,9.0,8.425326,0,0,0,0,0,0,2.0,0,0,1,0,0,0,0
22589,2018,Hamburg,HH_grenze,1,privat,6.0,34.905,37.215,8.425326,0,0,0,0,0,0,6.0,0,0,0,1,0,0,0
22589,2019,Hamburg,HH_grenze,1,privat,7.0,39.4,44.76,8.425326,0,0,0,0,0,0,7.0,0,0,0,0,1,0,0
22589,2020,Hamburg,HH_grenze,1,privat,8.0,54.26,60.86,8.425326,0,0,0,0,0,0,8.0,0,0,0,0,0,0,0
22589,2021,Hamburg,HH_grenze,1,privat,13.0,75.97,82.185,8.425326,0,0,1,0,1,0,13.0,0,0,0,0,0,1,0
22589,2022,Hamburg,HH_grenze,1,privat,17.0,126.95,142.405,8.425326,0,0,1,1,1,1,17.0,0,0,0,0,0,0,1
22848,2015,Schleswig-Holstein,SH_grenze,0,privat,4.0,18.82,19.5,13.630496,0,0,0,0,0,0,4.0,0,0,0,0,0,0,0
22848,2016,Schleswig-Holstein,SH_grenze,0,privat,3.0,10.31,11.39,13.630496,0,0,0,0,0,0,3.0,0,0,0,0,0,0,0
22848,2017,Schleswig-Holstein,SH_grenze,0,privat,2.0,12.2,14.43,13.630496,0,0,0,0,0,0,2.0,0,0,0,0,0,0,0
22848,2018,Schleswig-Holstein,SH_grenze,0,privat,1.0,2.1,2.1,13.630496,0,0,0,0,0,0,1.0,0,0,0,0,0,0,0
22848,2019,Schleswig-Holstein,SH_grenze,0,privat,10.0,35.05,38.285,13.630496,0,0,0,0,0,0,10.0,0,0,0,0,0,0,0
22848,2020,Schleswig-Holstein,SH_grenze,0,privat,6.0,34.39,38.510000000000005,13.630496,0,0,0,0,0,0,6.0,0,0,0,0,0,0,0
22848,2021,Schleswig-Holstein,SH_grenze,0,privat,8.0,42.035,48.055,13.630496,0,0,1,0,0,0,8.0,0,0,0,0,0,0,0
22848,2022,Schleswig-Holstein,SH_grenze,0,privat,20.0,137.19,145.46,13.630496,0,0,1,1,0,0,20.0,0,0,0,0,0,0,0
22850,2015,Schleswig-Holstein,SH_grenze,0,privat,0.0,0.0,0.0,4.399145,0,0,0,0,0,0,0.0,0,0,0,0,0,0,0
22850,2016,Schleswig-Holstein,SH_grenze,0,privat,0.0,0.0,0.0,4.399145,0,0,0,0,0,0,0.0,0,0,0,0,0,0,0
22850,2017,Schleswig-Holstein,SH_grenze,0,privat,8.0,35.87,38.705,4.399145,0,0,0,0,0,0,8.0,0,0,0,0,0,0,0
22850,2018,Schleswig-Holstein,SH_grenze,0,privat,7.0,40.85,42.69,4.399145,0,0,0,0,0,0,7.0,0,0,0,0,0,0,0
22850,2019,Schleswig-Holstein,SH_grenze,0,privat,4.0,24.69,26.55,4.399145,0,0,0,0,0,0,4.0,0,0,0,0,0,0,0
22850,2020,Schleswig-Holstein,SH_grenze,0,privat,4.0,16.51,18.325000000000003,4.399145,0,0,0,0,0,0,4.0,0,0,0,0,0,0,0
22850,2021,Schleswig-Holstein,SH_grenze,0,privat,7.0,50.3,57.66,4.399145,0,0,1,0,0,0,7.0,0,0,0,0,0,0,0
22850,2022,Schleswig-Holstein,SH_grenze,0,privat,19.0,89.435,100.75,4.399145,0,0,1,1,0,0,19.0,0,0,0,0,0,0,0
22851,2015,Schleswig-Holstein,SH_grenze,0,privat,11.0,54.38,64.09,12.737221,0,0,0,0,0,0,11.0,0,0,0,0,0,0,0
22851,2016,Schleswig-Holstein,SH_grenze,0,privat,5.0,23.01,31.48,12.737221,0,0,0,0,0,0,5.0,0,0,0,0,0,0,0
22851,2017,Schleswig-Holstein,SH_grenze,0,privat,2.0,10.91,10.91,12.737221,0,0,0,0,0,0,2.0,0,0,0,0,0,0,0
22851,2018,Schleswig-Holstein,SH_grenze,0,privat,4.0,113.34,114.97,12.737221,0,0,0,0,0,0,4.0,0,0,0,0,0,0,0
22851,2019,Schleswig-Holstein,SH_grenze,0,privat,4.0,48.89,57.0,12.737221,0,0,0,0,0,0,4.0,0,0,0,0,0,0,0
22851,2020,Schleswig-Holstein,SH_grenze,0,privat,18.0,106.14,118.085,12.737221,0,0,0,0,0,0,18.0,0,0,0,0,0,0,0
22851,2021,Schleswig-Holstein,SH_grenze,0,privat,19.0,124.81,132.81,12.737221,0,0,1,0,0,0,19.0,0,0,0,0,0,0,0
22851,2022,Schleswig-Holstein,SH_grenze,0,privat,29.0,192.515,224.115,12.737221,0,0,1,1,0,0,29.0,0,0,0,0,0,0,0
22869,2015,Schleswig-Holstein,SH_grenze,0,privat,7.0,47.13,49.56,10.000219,0,0,0,0,0,0,7.0,0,0,0,0,0,0,0
22869,2016,Schleswig-Holstein,SH_grenze,0,privat,3.0,26.86,27.46,10.000219,0,0,0,0,0,0,3.0,0,0,0,0,0,0,0
22869,2017,Schleswig-Holstein,SH_grenze,0,privat,11.0,44.312,46.045,10.000219,0,0,0,0,0,0,11.0,0,0,0,0,0,0,0
22869,2018,Schleswig-Holstein,SH_grenze,0,privat,6.0,33.38,36.71,10.000219,0,0,0,0,0,0,6.0,0,0,0,0,0,0,0
22869,2019,Schleswig-Holstein,SH_grenze,0,privat,4.0,36.88,36.88,10.000219,0,0,0,0,0,0,4.0,0,0,0,0,0,0,0
22869,2020,Schleswig-Holstein,SH_grenze,0,privat,5.0,28.3,32.0,10.000219,0,0,0,0,0,0,5.0,0,0,0,0,0,0,0
22869,2021,Schleswig-Holstein,SH_grenze,0,privat,12.0,90.685,104.195,10.000219,0,0,1,0,0,0,12.0,0,0,0,0,0,0,0
22869,2022,Schleswig-Holstein,SH_grenze,0,privat,44.0,281.955,319.42,10.000219,0,0,1,1,0,0,44.0,0,0,0,0,0,0,0
22880,2015,Schleswig-Holstein,SH_grenze,0,privat,11.0,29.88,33.86,32.512531,0,0,0,0,0,0,11.0,0,0,0,0,0,0,0
22880,2016,Schleswig-Holstein,SH_grenze,0,privat,8.0,19.14,21.59,32.512531,0,0,0,0,0,0,8.0,0,0,0,0,0,0,0
22880,2017,Schleswig-Holstein,SH_grenze,0,privat,14.0,74.47999999999999,82.124,32.512531,0,0,0,0,0,0,14.0,0,0,0,0,0,0,0
22880,2018,Schleswig-Holstein,SH_grenze,0,privat,12.0,151.969,154.97,32.512531,0,0,0,0,0,0,12.0,0,0,0,0,0,0,0
22880,2019,Schleswig-Holstein,SH_grenze,0,privat,11.0,25.983,27.26,32.512531,0,0,0,0,0,0,11.0,0,0,0,0,0,0,0
22880,2020,Schleswig-Holstein,SH_grenze,0,privat,15.0,86.66,89.02000000000001,32.512531,0,0,0,0,0,0,15.0,0,0,0,0,0,0,0
22880,2021,Schleswig-Holstein,SH_grenze,0,privat,39.0,374.125,400.65,32.512531,0,0,1,0,0,0,39.0,0,0,0,0,0,0,0
22880,2022,Schleswig-Holstein,SH_grenze,0,privat,54.0,350.91,402.47,32.512531,0,0,1,1,0,0,54.0,0,0,0,0,0,0,0
22885,2015,Schleswig-Holstein,SH_grenze,0,privat,2.0,10.7,11.99,24.741183,0,0,0,0,0,0,2.0,0,0,0,0,0,0,0
22885,2016,Schleswig-Holstein,SH_grenze,0,privat,7.0,27.17,27.52,24.741183,0,0,0,0,0,0,7.0,0,0,0,0,0,0,0
22885,2017,Schleswig-Holstein,SH_grenze,0,privat,5.0,17.973,21.93,24.741183,0,0,0,0,0,0,5.0,0,0,0,0,0,0,0
22885,2018,Schleswig-Holstein,SH_grenze,0,privat,3.0,19.41,19.41,24.741183,0,0,0,0,0,0,3.0,0,0,0,0,0,0,0
22885,2019,Schleswig-Holstein,SH_grenze,0,privat,7.0,57.4,60.260000000000005,24.741183,0,0,0,0,0,0,7.0,0,0,0,0,0,0,0
22885,2020,Schleswig-Holstein,SH_grenze,0,privat,6.0,29.31,32.64,24.741183,0,0,0,0,0,0,6.0,0,0,0,0,0,0,0
22885,2021,Schleswig-Holstein,SH_grenze,0,privat,26.0,199.265,217.09,24.741183,0,0,1,0,0,0,26.0,0,0,0,0,0,0,0
22885,2022,Schleswig-Holstein,SH_grenze,0,privat,27.0,170.89,192.43,24.741183,0,0,1,1,0,0,27.0,0,0,0,0,0,0,0
22889,2015,Schleswig-Holstein,SH_grenze,0,privat,3.0,17.18,17.77,39.803736,0,0,0,0,0,0,3.0,0,0,0,0,0,0,0
22889,2016,Schleswig-Holstein,SH_grenze,0,privat,4.0,15.03,15.63,39.803736,0,0,0,0,0,0,4.0,0,0,0,0,0,0,0
22889,2017,Schleswig-Holstein,SH_grenze,0,privat,4.0,26.65,28.335,39.803736,0,0,0,0,0,0,4.0,0,0,0,0,0,0,0
22889,2018,Schleswig-Holstein,SH_grenze,0,privat,2.0,19.475,19.475,39.803736,0,0,0,0,0,0,2.0,0,0,0,0,0,0,0
22889,2019,Schleswig-Holstein,SH_grenze,0,privat,3.0,15.0,16.42,39.803736,0,0,0,0,0,0,3.0,0,0,0,0,0,0,0
22889,2020,Schleswig-Holstein,SH_grenze,0,privat,14.0,88.35,94.855,39.803736,0,0,0,0,0,0,14.0,0,0,0,0,0,0,0
22889,2021,Schleswig-Holstein,SH_grenze,0,privat,15.0,94.73,112.78,39.803736,0,0,1,0,0,0,15.0,0,0,0,0,0,0,0
22889,2022,Schleswig-Holstein,SH_grenze,0,privat,25.0,189.145,211.295,39.803736,0,0,1,1,0,0,25.0,0,0,0,0,0,0,0
22926,2015,Schleswig-Holstein,SH_grenze,0,privat,9.0,35.72,39.833,35.269952,0,0,0,0,0,0,9.0,0,0,0,0,0,0,0
22926,2016,Schleswig-Holstein,SH_grenze,0,privat,14.0,87.86,96.63,35.269952,0,0,0,0,0,0,14.0,0,0,0,0,0,0,0
22926,2017,Schleswig-Holstein,SH_grenze,0,privat,7.0,155.73000000000002,160.69,35.269952,0,0,0,0,0,0,7.0,0,0,0,0,0,0,0
22926,2018,Schleswig-Holstein,SH_grenze,0,privat,18.0,201.86,210.07,35.269952,0,0,0,0,0,0,18.0,0,0,0,0,0,0,0
22926,2019,Schleswig-Holstein,SH_grenze,0,privat,18.0,197.385,204.695,35.269952,0,0,0,0,0,0,18.0,0,0,0,0,0,0,0
22926,2020,Schleswig-Holstein,SH_grenze,0,privat,49.0,287.95,317.92,35.269952,0,0,0,0,0,0,49.0,0,0,0,0,0,0,0
22926,2021,Schleswig-Holstein,SH_grenze,0,privat,60.0,509.308,591.478,35.269952,0,0,1,0,0,0,60.0,0,0,0,0,0,0,0
22926,2022,Schleswig-Holstein,SH_grenze,0,privat,82.0,589.3050000000001,671.817,35.269952,0,0,1,1,0,0,82.0,0,0,0,0,0,0,0
22941,2015,Schleswig-Holstein,SH_grenze,0,privat,8.0,38.5,41.795,49.810731,0,0,0,0,0,0,8.0,0,0,0,0,0,0,0
22941,2016,Schleswig-Holstein,SH_grenze,0,privat,11.0,72.21,79.191,49.810731,0,0,0,0,0,0,11.0,0,0,0,0,0,0,0
22941,2017,Schleswig-Holstein,SH_grenze,0,privat,8.0,41.285,42.49,49.810731,0,0,0,0,0,0,8.0,0,0,0,0,0,0,0
22941,2018,Schleswig-Holstein,SH_grenze,0,privat,13.0,106.905,119.265,49.810731,0,0,0,0,0,0,13.0,0,0,0,0,0,0,0
22941,2019,Schleswig-Holstein,SH_grenze,0,privat,18.0,208.21,215.805,49.810731,0,0,0,0,0,0,18.0,0,0,0,0,0,0,0
22941,2020,Schleswig-Holstein,SH_grenze,0,privat,41.0,312.35,343.335,49.810731,0,0,0,0,0,0,41.0,0,0,0,0,0,0,0
22941,2021,Schleswig-Holstein,SH_grenze,0,privat,46.0,374.92,421.495,49.810731,0,0,1,0,0,0,46.0,0,0,0,0,0,0,0
22941,2022,Schleswig-Holstein,SH_grenze,0,privat,110.0,753.6949999999999,837.4699999999999,49.810731,0,0,1,1,0,0,110.0,0,0,0,0,0,0,0
22949,2015,Schleswig-Holstein,SH_grenze,0,privat,2.0,11.8,13.42,17.631821,0,0,0,0,0,0,2.0,0,0,0,0,0,0,0
22949,2016,Schleswig-Holstein,SH_grenze,0,privat,3.0,16.515,19.155,17.631821,0,0,0,0,0,0,3.0,0,0,0,0,0,0,0
22949,2017,Schleswig-Holstein,SH_grenze,0,privat,2.0,11.36,11.72,17.631821,0,0,0,0,0,0,2.0,0,0,0,0,0,0,0
22949,2018,Schleswig-Holstein,SH_grenze,0,privat,3.0,17.93,19.25,17.631821,0,0,0,0,0,0,3.0,0,0,0,0,0,0,0
22949,2019,Schleswig-Holstein,SH_grenze,0,privat,5.0,35.3,39.3,17.631821,0,0,0,0,0,0,5.0,0,0,0,0,0,0,0
22949,2020,Schleswig-Holstein,SH_grenze,0,privat,12.0,75.295,94.625,17.631821,0,0,0,0,0,0,12.0,0,0,0,0,0,0,0
22949,2021,Schleswig-Holstein,SH_grenze,0,privat,26.0,165.39,175.735,17.631821,0,0,1,0,0,0,26.0,0,0,0,0,0,0,0
22949,2022,Schleswig-Holstein,SH_grenze,0,privat,38.0,249.75,283.525,17.631821,0,0,1,1,0,0,38.0,0,0,0,0,0,0,0
25421,2015,Schleswig-Holstein,SH_grenze,0,privat,5.0,20.985,23.32,21.466606,0,0,0,0,0,0,5.0,0,0,0,0,0,0,0
25421,2016,Schleswig-Holstein,SH_grenze,0,privat,11.0,40.368,44.465,21.466606,0,0,0,0,0,0,11.0,0,0,0,0,0,0,0
25421,2017,Schleswig-Holstein,SH_grenze,0,privat,7.0,25.24,27.22,21.466606,0,0,0,0,0,0,7.0,0,0,0,0,0,0,0
25421,2018,Schleswig-Holstein,SH_grenze,0,privat,4.0,23.8,23.88,21.466606,0,0,0,0,0,0,4.0,0,0,0,0,0,0,0
25421,2019,Schleswig-Holstein,SH_grenze,0,privat,7.0,42.02,44.935,21.466606,0,0,0,0,0,0,7.0,0,0,0,0,0,0,0
25421,2020,Schleswig-Holstein,SH_grenze,0,privat,25.0,162.22,175.86,21.466606,0,0,0,0,0,0,25.0,0,0,0,0,0,0,0
25421,2021,Schleswig-Holstein,SH_grenze,0,privat,47.0,393.24,430.26,21.466606,0,0,1,0,0,0,47.0,0,0,0,0,0,0,0
25421,2022,Schleswig-Holstein,SH_grenze,0,privat,100.0,709.475,801.6899999999999,21.466606,0,0,1,1,0,0,100.0,0,0,0,0,0,0,0
25462,2015,Schleswig-Holstein,SH_grenze,0,privat,7.0,39.31,40.7,13.142629,0,0,0,0,0,0,7.0,0,0,0,0,0,0,0
25462,2016,Schleswig-Holstein,SH_grenze,0,privat,7.0,29.27,31.340000000000003,13.142629,0,0,0,0,0,0,7.0,0,0,0,0,0,0,0
25462,2017,Schleswig-Holstein,SH_grenze,0,privat,3.0,22.92,25.01,13.142629,0,0,0,0,0,0,3.0,0,0,0,0,0,0,0
25462,2018,Schleswig-Holstein,SH_grenze,0,privat,6.0,46.78,47.07,13.142629,0,0,0,0,0,0,6.0,0,0,0,0,0,0,0
25462,2019,Schleswig-Holstein,SH_grenze,0,privat,7.0,31.96,35.85,13.142629,0,0,0,0,0,0,7.0,0,0,0,0,0,0,0
25462,2020,Schleswig-Holstein,SH_grenze,0,privat,21.0,140.64,150.265,13.142629,0,0,0,0,0,0,21.0,0,0,0,0,0,0,0
25462,2021,Schleswig-Holstein,SH_grenze,0,privat,32.0,275.9,309.91,13.142629,0,0,1,0,0,0,32.0,0,0,0,0,0,0,0
25462,2022,Schleswig-Holstein,SH_grenze,0,privat,41.0,315.975,356.065,13.142629,0,0,1,1,0,0,41.0,0,0,0,0,0,0,0
25469,2015,Schleswig-Holstein,SH_grenze,0,privat,11.0,50.445,54.665,12.577696,0,0,0,0,0,0,11.0,0,0,0,0,0,0,0
25469,2016,Schleswig-Holstein,SH_grenze,0,privat,5.0,19.525,26.94,12.577696,0,0,0,0,0,0,5.0,0,0,0,0,0,0,0
25469,2017,Schleswig-Holstein,SH_grenze,0,privat,6.0,29.64,30.020000000000003,12.577696,0,0,0,0,0,0,6.0,0,0,0,0,0,0,0
25469,2018,Schleswig-Holstein,SH_grenze,0,privat,7.0,31.68,34.06,12.577696,0,0,0,0,0,0,7.0,0,0,0,0,0,0,0
25469,2019,Schleswig-Holstein,SH_grenze,0,privat,16.0,110.375,123.465,12.577696,0,0,0,0,0,0,16.0,0,0,0,0,0,0,0
25469,2020,Schleswig-Holstein,SH_grenze,0,privat,22.0,129.805,149.7,12.577696,0,0,0,0,0,0,22.0,0,0,0,0,0,0,0
25469,2021,Schleswig-Holstein,SH_grenze,0,privat,15.0,115.2,129.19,12.577696,0,0,1,0,0,0,15.0,0,0,0,0,0,0,0
25469,2022,Schleswig-Holstein,SH_grenze,0,privat,48.0,391.15,436.65,12.577696,0,0,1,1,0,0,48.0,0,0,0,0,0,0,0
25474,2015,Schleswig-Holstein,SH_grenze,0,privat,3.0,12.125,12.475,31.416024,0,0,0,0,0,0,3.0,0,0,0,0,0,0,0
25474,2016,Schleswig-Holstein,SH_grenze,0,privat,4.0,26.89,27.09,31.416024,0,0,0,0,0,0,4.0,0,0,0,0,0,0,0
25474,2017,Schleswig-Holstein,SH_grenze,0,privat,9.0,29.94,32.82,31.416024,0,0,0,0,0,0,9.0,0,0,0,0,0,0,0
25474,2018,Schleswig-Holstein,SH_grenze,0,privat,11.0,81.39,89.28,31.416024,0,0,0,0,0,0,11.0,0,0,0,0,0,0,0
25474,2019,Schleswig-Holstein,SH_grenze,0,privat,15.0,106.34,116.72,31.416024,0,0,0,0,0,0,15.0,0,0,0,0,0,0,0
25474,2020,Schleswig-Holstein,SH_grenze,0,privat,20.0,143.855,163.175,31.416024,0,0,0,0,0,0,20.0,0,0,0,0,0,0,0
25474,2021,Schleswig-Holstein,SH_grenze,0,privat,32.0,255.79,282.895,31.416024,0,0,1,0,0,0,32.0,0,0,0,0,0,0,0
25474,2022,Schleswig-Holstein,SH_grenze,0,privat,58.0,452.225,503.225,31.416024,0,0,1,1,0,0,58.0,0,0,0,0,0,0,0
25482,2015,Schleswig-Holstein,SH_grenze,0,privat,2.0,7.640000000000001,8.040000000000001,20.390455,0,0,0,0,0,0,2.0,0,0,0,0,0,0,0
25482,2016,Schleswig-Holstein,SH_grenze,0,privat,1.0,9.5,9.5,20.390455,0,0,0,0,0,0,1.0,0,0,0,0,0,0,0
25482,2017,Schleswig-Holstein,SH_grenze,0,privat,3.0,17.67,18.02,20.390455,0,0,0,0,0,0,3.0,0,0,0,0,0,0,0
25482,2018,Schleswig-Holstein,SH_grenze,0,privat,1.0,3.35,3.35,20.390455,0,0,0,0,0,0,1.0,0,0,0,0,0,0,0
25482,2019,Schleswig-Holstein,SH_grenze,0,privat,0.0,0.0,0.0,20.390455,0,0,0,0,0,0,0.0,0,0,0,0,0,0,0
25482,2020,Schleswig-Holstein,SH_grenze,0,privat,4.0,24.78,26.94,20.390455,0,0,0,0,0,0,4.0,0,0,0,0,0,0,0
25482,2021,Schleswig-Holstein,SH_grenze,0,privat,5.0,38.08,50.34,20.390455,0,0,1,0,0,0,5.0,0,0,0,0,0,0,0
25482,2022,Schleswig-Holstein,SH_grenze,0,privat,18.0,162.14,184.32,20.390455,0,0,1,1,0,0,18.0,0,0,0,0,0,0,0
